A,B,C,D,E,F,G,H,I,J,K,L,M,N,O,P,Q,R,LABEL
1668.42,463.18,878.53,317.17,823.73,1628.71,286.43,295.68,133.87,125.02,465.16,135.39,2758.02,780,740.36,440.33,995.61,2289.73,1
1103.17,301.52,538.97,180.19,337.68,631.86,53.34,73.51,48.59,63.43,522.21,141.32,1784,478.4,674.8,394.96,1139.94,2601.86,1
1489.77,443.2,873.83,325.45,816,1592,324.12,332.43,148.16,145.25,504.76,147.25,2713.28,746.72,711.52,414.28,856.47,1948.15,1
892.3,286.08,560.6,239.95,694.68,1554.58,231.35,258.93,125.29,120.43,575.91,157.14,2754.58,650,749.1,438.65,1064.75,2374.53,2
1122.7,333.31,704.52,223.4,697,1485.39,126.4,168.96,104.81,85.03,388.64,107.72,2139.65,492.96,573.41,336.13,724.24,1611.29,2
782.96,320.59,684.76,221.56,693.14,1362.55,80.02,125.62,96.23,82.28,475.23,125.51,1907.9,396.24,512.22,291.6,757.95,1710.23,2
858.13,257.93,458.08,203.17,476.77,813.29,225.55,266.61,136.73,121.34,338.97,102.78,2852.1,630.24,546.31,323.53,789.92,1724.36,2
159.13,70.84,145.79,65.27,145.27,305.69,182.06,202.42,104.81,118.13,190.63,58.31,1928.55,500.24,360.13,221.85,457.19,1009.41,2
32.22,24.52,47.97,25.74,37.09,54.36,40.59,46.63,38.59,48.72,73.16,27.67,395.81,203.84,132.86,105.04,207.42,522.96,2
604.3,580.34,1229.38,362.22,652.18,866.24,40.59,76.25,112.43,76.3,382.6,118.59,588.55,137.28,223.77,118.49,286.07,581.85,2
1228.13,362.37,689.47,177.43,504.59,1231.24,142.64,187.06,95.28,85.03,240.97,80.05,1251.67,324.48,337.4,208.4,398.42,893.98,2
258.71,123.52,262.43,106.64,217.14,354.4,71.32,107.52,92.9,86.41,510.8,136.38,1773.67,406.64,556.8,295.8,795.97,1846.86,2
494.96,207.07,474.07,149.85,424.23,988.38,151.33,202.97,125.77,116.29,263.12,82.03,2147.68,577.2,428.31,257.98,515.96,1142.51,2
154.25,62.67,117.58,53.32,82.68,103.78,41.75,72.96,81.46,93.31,230.9,67.2,1475.38,500.24,390.72,240.34,606.7,1461.7,2
472.51,172.56,314.16,126.87,256.55,414.41,154.23,237.53,162.93,121.8,352.39,108.71,2222.25,418.08,454.53,240.34,496.94,1068.3,2
591.61,294.26,666.89,261.09,877.82,1857.45,346.73,365.9,162.45,133.76,361.12,110.69,2643.3,614.64,537.57,314.28,636.09,1391.03,2
218.68,144.4,275.6,159.97,417.27,908.6,276.57,339.56,185.32,143.87,373.2,121.56,2717.87,483.6,534.07,306.72,542.75,1272.07,2
204.04,92.64,165.55,71.71,121.32,162.38,48.7,85.58,119.57,99.28,340.31,99.82,1882.66,465.92,440.55,251.26,603.24,1444.04,2
1079.74,354.2,800.46,236.27,673.05,1277.83,344.99,354.38,159.59,130.08,219.49,78.07,1381.31,314.08,314.68,179.83,310.26,628.97,2
1886.13,526.76,951.9,347.51,1103.46,2127.13,260.92,258.38,121.48,114.45,318.16,93.89,2717.87,769.6,608.37,374.79,838.32,1912.82,2
624.8,177.1,316.05,114,234.91,397.47,89.87,144.27,105.28,93.31,519.53,138.36,2314.03,464.88,591.77,347.9,1063.02,2427.54,2
373.91,144.4,258.67,129.63,244.95,391.82,212.79,305.55,159.12,121.34,345.68,112.66,1899.87,364,421.32,232.77,474.47,1104.82,2
240.16,95.36,178.72,73.55,117.45,153.2,37.69,58.7,60.5,58.37,600.75,160.1,1312.47,374.4,547.19,305.04,967.09,2353.33,2
220.63,136.23,277.48,57,147.59,359.35,67.84,93.81,63.36,64.35,179.89,58.31,1108.26,279.76,309.43,193.28,379.4,840.98,2
452.01,227.96,465.6,259.25,698.55,1039.21,469.66,555.7,305.84,159.95,294.67,103.77,2616.91,547.04,279.71,166.39,370.76,713.77,2
2033.54,649.36,1441.96,421.06,1154.46,2179.37,115.38,199.68,214.38,125.94,520.87,143.3,2708.69,731.12,442.29,271.43,797.7,1925.77,2
921.59,345.12,693.23,326.37,863.91,1384.44,476.61,510.17,291.55,162.25,412.13,127.49,4638.39,1022.32,516.59,307.56,752.76,1658.4,2
1193.96,379.63,849.37,270.29,760.37,1361.14,251.06,294.03,150.54,114.91,254.39,88.95,1460.47,341.12,352.26,200,330.14,666.66,2
1045.57,370.55,763.78,302.46,890.96,1790.38,179.16,246.86,138.15,108.93,312.79,103.77,1553.4,402.48,434.43,240.34,419.16,864.54,2
640.42,207.07,383.77,183.87,445.86,731.4,185.54,269.35,156.73,129.16,407.43,114.64,2154.56,442,485.12,267.23,564.35,1230.85,2
1070.95,370.55,833.38,274.88,738.73,1277.13,255.12,318.17,162.93,131,359.78,112.66,1697.95,321.36,376.74,205.88,396.69,799.76,2
1388.24,343.3,808.93,210.53,557.91,1147.93,124.66,200.23,145.3,100.66,547.05,148.24,1749.58,275.6,442.29,234.45,583.37,1246.16,2
609.18,243.4,603.87,170.08,399.5,703.16,34.79,57.6,70.03,63.43,566.51,151.21,1181.68,305.76,446.66,243.7,725.97,1592.44,2
472.51,216.15,336.74,182.03,269.68,291.57,116.54,220.53,196.27,105.72,302.72,106.73,855.86,170.56,201.04,107.56,237.67,479.38,2
561.35,154.39,237.03,126.87,231.82,297.93,68.42,116.85,130.53,82.74,232.24,79.06,921.25,208,216.78,121.85,270.51,574.79,2
599.42,179.82,381.89,70.79,107.41,159.55,48.7,87.22,105.28,59.75,169.82,65.23,632.14,188.24,173.95,109.24,222.98,520.61,2
1389.21,435.03,889.82,297.87,853.09,1878.63,228.45,256.73,122.43,92.85,289.3,88.95,2047.87,426.4,413.45,243.7,549.66,1161.35,2
1188.1,277.91,545.55,102.97,223.32,566.91,28.99,41.14,52.4,45.96,237.61,75.11,757.19,212.16,289.33,168.07,407.06,905.76,2
2224.89,548.55,997.99,316.25,893.27,1782.61,134.52,155.79,91.47,77.22,318.83,94.87,1765.64,396.24,418.69,246.22,581.64,1302.7,2
369.02,194.35,205.99,154.45,216.36,213.21,73.64,128.91,130.06,76.3,236.94,83.02,660.82,128.96,178.32,94.96,212.6,425.2,2
322.16,118.97,232.33,69.87,139.86,292.28,61.46,98.19,87.18,74.46,209.42,68.19,983.21,265.2,270.1,167.23,409.65,970.54,2
906.94,219.78,630.21,112.16,339.23,594.44,41.17,70.77,85.27,60.67,280.57,89.93,686.06,183.04,249.12,139.5,331.01,749.11,2
1080.72,453.19,1010.22,414.62,1302.05,2449.06,539.23,548.57,243.91,205,479.25,143.3,3126.29,679.12,643.34,353.78,677.57,1454.64,2
260.66,96.27,173.07,66.19,118.23,165.91,55.08,76.8,85.27,81.82,506.77,135.39,1274.61,407.68,526.21,299.16,930.79,2354.51,2
204.04,78.11,142.03,63.43,108.18,139.08,65.52,106.97,98.14,89.63,330.91,85.98,1354.92,346.32,399.46,220.17,592.87,1361.59,2
616.02,242.49,367.78,200.42,302.14,328.28,54.5,125.07,187.7,98.82,314.8,108.71,896.01,168.48,205.41,101.68,235.08,461.71,2
1168.58,370.55,696.99,173.76,386.36,681.98,99.73,174.99,149.11,95.6,257.08,83.02,1522.42,432.64,333.03,200.84,440.77,988.21,2
1153.94,279.73,670.66,149.85,322.23,606.44,59.72,114.1,149.59,101.12,430.25,126.5,1368.69,350.48,354.01,196.64,477.93,1064.77,2
727.31,268.83,530.5,215.13,593.46,1089.33,275.42,350.54,197.23,121.8,326.89,101.79,2922.08,650,423.94,249.58,586.82,1272.07,2
511.56,187.09,346.14,129.63,298.27,458.18,34.21,65.83,118.15,80.9,319.5,98.83,890.28,313.04,303.31,160.5,403.6,922.25,2
234.3,89,150.5,64.35,113.59,169.44,52.76,86.67,110.05,78.14,338.97,93.89,1101.37,427.44,395.97,212.6,628.31,1469.95,2
393.43,169.83,364.96,125.95,348.5,696.81,154.81,219.98,140.54,105.72,256.41,78.07,1522.42,484.64,344.4,213.44,433.85,1078.9,2
59.55,39.96,95,38.61,85,101.66,90.45,124.53,117.19,101.12,230.9,60.29,1139.23,296.4,228.14,136.13,362.12,758.53,2
425.65,138.05,243.62,96.53,177.73,270.39,60.88,96.55,98.61,80.9,352.39,95.86,1684.18,481.52,460.65,270.59,770.91,1828.01,2
400.27,134.41,287.83,73.55,190.09,290.87,55.08,104.78,89.09,65.73,192.64,67.2,823.74,188.24,209.78,120.17,248.9,524.14,2
311.43,116.25,208.82,72.63,119,175.79,41.75,72.96,90.04,77.22,547.72,149.23,1421.46,394.16,518.34,290.76,876.35,2194.32,2
1029.95,257.02,653.72,137.9,278.18,522.43,34.21,65.28,91.94,69.87,308.76,100.8,874.22,210.08,273.59,161.34,347.43,760.89,2
324.12,113.53,198.47,97.45,169.23,213.21,224.39,284.71,174.84,109.85,200.02,71.16,1097.93,219.44,204.54,118.49,241.99,500.58,2
336.81,135.32,284.06,118.59,287.46,424.3,88.71,149.21,135.3,96.52,283.26,88.95,1232.16,275.6,278.84,160.5,347.43,749.11,2
160.11,71.75,144.85,46.89,99.68,160.96,23.77,34.01,54.79,52.86,148.34,50.4,236.34,115.44,155.59,93.28,196.18,444.05,2
409.05,161.66,290.65,151.69,335.36,499.84,109.59,168.41,103.38,78.14,175.86,66.21,822.59,183.04,216.78,123.53,211.74,448.76,2
905.97,227.96,417.63,113.08,217.91,355.11,47.55,74.61,91.94,73.54,344.34,107.72,635.58,188.24,290.2,166.39,407.06,948.16,2
2693.49,551.28,866.3,312.58,741.05,1401.38,86.39,132.21,103.38,87.79,387.3,120.57,1640.59,430.56,530.58,307.56,692.26,1630.14,2
578.92,244.31,467.48,158.13,447.41,986.97,125.82,148.11,80.51,73.54,243.65,79.06,1459.32,450.32,464.15,279.83,567.81,1293.27,2
459.82,184.36,407.28,149.85,425,878.24,149.59,196.39,116.24,112.15,366.49,106.73,1586.67,329.68,499.11,269.75,551.39,1253.23,2
504.72,178.01,380.01,148.01,300.59,418.65,81.17,131.11,117.19,93.77,631.62,170.97,1353.77,317.2,460.65,246.22,617.94,1399.28,2
1331.61,420.5,823.03,288.67,639.82,1003.91,292.81,453.12,320.14,162.25,435.62,138.36,1794.32,390,336.53,189.92,393.23,795.04,2
522.3,213.43,383.77,185.71,429.64,662.92,167.57,256.18,183.41,142.95,510.13,140.34,3148.09,706.16,611,332.77,806.34,1750.28,2
545.73,198.9,341.44,174.67,326.86,487.13,176.27,292.94,262.02,175.12,763.85,216.43,2283.06,470.08,494.74,251.26,590.28,1272.07,2
665.81,293.35,679.12,140.66,351.59,591.62,36.53,58.7,72.41,51.94,170.49,61.27,719.33,231.92,216.78,120.17,231.62,482.92,2
586.73,207.98,414.81,102.05,228.73,451.83,78.86,126.72,115.76,88.71,292.65,87.96,1352.62,380.64,323.42,184.03,462.37,1022.37,2
434.43,146.22,275.6,91.01,267.36,425.71,27.83,46.08,68.6,59.29,230.9,74.12,622.96,216.32,246.5,130.25,292.12,699.64,2
429.55,122.61,185.3,59.76,93.5,124.96,23.77,30.17,41.92,45.5,338.3,86.97,707.86,412.88,415.2,256.3,1040.55,2627.77,2
532.06,177.1,299.11,100.21,177.73,324.75,53.92,74.61,50.5,48.72,116.79,51.39,944.2,219.44,239.5,144.54,261,697.28,2
1294.52,434.12,953.78,252.82,663,1249.59,70.74,101.49,82.89,60.67,242.31,76.1,1881.51,492.96,396.84,241.18,539.29,1208.47,2
892.3,332.4,585.06,247.3,513.86,986.97,68.42,136.59,154.35,113.07,404.08,137.37,1699.1,397.28,415.2,220.17,467.56,1069.48,2
265.54,99.9,182.48,54.24,89.64,142.61,20.87,30.72,47.16,47.34,269.83,76.1,361.39,272.48,302.44,170.59,516.82,1227.31,2
149.37,87.19,236.09,66.19,160.73,340.99,41.17,63.63,55.26,71.24,181.9,53.37,1603.88,474.24,358.38,210.92,430.4,1028.26,2
2285.42,559.45,1109.92,417.38,1116.59,2161.02,387.32,480,254.87,162.25,480.6,152.2,2530.86,510.64,439.67,243.7,521.14,1109.53,2
1314.04,493.15,963.19,518.51,1353.82,2134.9,191.92,265.51,208.66,148.92,771.24,214.46,2937,625.04,528.83,279.83,583.37,1189.62,2
2313.73,342.39,618.92,158.13,282.05,566.91,56.24,92.16,91.94,65.27,476.57,137.37,1154.15,349.44,403.83,226.05,638.68,1431.08,2
423.7,131.69,270.9,86.42,173.86,251.33,70.74,116.3,87.66,90.09,908.17,211.49,2285.35,603.2,659.07,370.59,1092.41,2719.64,2
256.76,100.81,200.35,61.6,159.18,321.22,49.28,86.67,76.7,57.91,163.78,55.34,636.73,174.72,204.54,117.65,254.09,555.94,2
945.02,256.11,494.76,126.87,312.18,521.72,34.79,59.25,70.98,53.78,275.2,89.93,622.96,174.72,248.24,135.29,292.98,631.32,2
1122.7,294.26,585.06,163.64,394.09,872.6,49.86,72.96,59.07,59.29,284.6,84,2169.48,594.88,546.31,324.37,769.18,1706.7,2
108.36,61.76,133.57,34.93,81.14,158.14,26.09,43.34,48.12,53.78,142.97,44.47,676.89,212.16,208.04,129.41,292.98,693.75,2
100.55,52.68,114.75,34.93,65.68,169.44,25.51,42.79,51.93,56.08,147,45.46,645.91,217.36,200.17,123.53,280.02,687.86,2
1068.02,227.96,398.82,76.31,145.27,324.75,26.67,39.5,65.27,58.83,275.2,84.99,466.94,246.48,258.73,144.54,384.59,958.76,2
246.02,110.8,220.1,73.55,155.32,328.99,48.7,70.77,85.27,65.27,228.89,69.18,812.26,353.6,262.23,151.26,398.42,959.94,2
458.84,217.97,475.01,137.9,377.86,653.74,42.91,64.18,66.22,55.62,132.23,44.47,1525.86,579.28,256.99,165.55,369.9,852.76,2
1242.77,376.9,749.67,256.5,604.27,1009.56,173.95,268.25,185.79,121.8,308.09,100.8,1569.46,302.64,300.69,159.66,316.31,631.32,2
1007.5,281.54,611.4,128.71,336.14,529.49,47.55,80.64,114.33,92.39,373.2,108.71,956.82,237.12,280.59,148.74,356.93,773.84,2
640.42,171.65,269.96,66.19,122.09,250.62,15.66,20.85,32.39,32.63,175.19,60.29,362.54,176.8,222.02,127.73,307.67,771.49,2
1490.74,444.11,913.33,347.51,950.46,1717.66,127.56,183.77,113.86,88.71,345.68,114.64,2039.84,513.76,459.78,264.7,515.96,1246.16,2
1022.14,340.58,605.75,200.42,382.5,546.43,157.71,276.48,200.09,104.34,287.96,100.8,1157.59,219.44,229.01,118.49,252.36,532.39,2
2242.46,320.59,690.41,72.63,122.86,269.69,33.05,41.14,66.22,63.43,369.84,110.69,316.64,160.16,253.49,132.77,359.53,897.52,2
305.57,120.79,197.53,115.84,227.95,244.27,64.94,126.72,180.55,117.21,647.06,165.04,1654.35,372.32,409.08,196.64,517.68,1166.07,2
803.46,296.07,627.39,248.22,700.86,1030.74,187.86,266.06,193.89,122.26,381.26,115.63,2822.27,600.08,462.4,261.34,558.3,1275.6,2
288,89.91,132.63,61.6,109.73,186.38,42.91,81.19,118.62,85.03,242.98,76.1,913.22,297.44,274.47,147.9,371.63,862.18,2
212.82,67.21,93.12,79.98,128.27,127.08,34.21,48.27,85.75,87.33,406.76,117.61,745.72,250.64,311.18,152.94,423.48,1015.3,2
2144.84,405.06,629.27,205.93,391,645.27,64.36,93.81,71.94,52.86,325.54,105.75,1652.06,372.32,444.92,252.94,623.12,1452.28,2
535.96,194.35,435.5,156.29,402.59,762.46,182.64,273.19,183.89,141.11,469.86,134.41,2452.85,487.76,491.24,263.02,555.71,1221.42,2
364.14,123.52,210.7,77.22,145.27,233.68,42.33,64.18,75.27,67.57,266.48,77.09,1089.9,295.36,333.03,193.28,460.64,1095.39,2
577.94,124.42,156.14,77.22,105.86,370.64,38.27,60.89,76.7,67.57,345.01,102.78,696.39,185.12,284.08,147.06,389.78,886.92,2
464.7,167.11,333.92,110.32,270.46,474.42,114.22,189.81,131.48,110.31,265.8,81.04,1340,278.72,312.93,165.55,343.97,718.48,2
580.87,250.66,614.22,215.13,732.55,1615.29,184.96,223.27,155.3,108.93,338.97,97.84,2916.35,844.48,445.79,273.95,623.12,1533.55,2
1290.61,489.52,1162.6,368.66,1255.68,2499.89,212.21,247.41,174.36,110.77,408.78,111.68,4377.96,1061.84,616.24,363.02,893.63,2115.41,2
796.63,260.65,502.29,153.53,329.18,505.49,24.35,34.56,59.07,49.18,242.31,77.09,744.57,281.84,260.48,142.02,337.92,792.69,2
1613.75,328.77,364.02,177.43,286.68,443.36,37.69,53.21,54.31,45.96,511.47,131.44,1609.61,404.56,439.67,263.02,918.7,2340.38,2
1646.94,421.4,982,283.16,822.18,1895.57,252.8,313.23,168.64,125.94,397.36,127.49,2021.48,428.48,501.73,267.23,439.9,963.48,2
2033.54,444.11,545.55,152.61,344.64,660.8,33.05,54.31,60.98,44.13,250.37,85.98,610.34,154.96,239.5,136.13,299.89,730.26,2
2121.41,289.72,517.34,110.32,213.27,508.31,30.73,44.43,54.31,41.83,316.15,100.8,731.95,194.48,312.93,173.11,434.72,1056.53,2
1027.02,719.29,1978.1,383.36,1241,2036.77,196.56,258.38,170.55,116.75,514.16,164.05,2068.52,468,437.05,236.97,477.06,1062.42,2
750.74,390.53,1233.14,311.66,1017.68,1611.06,135.1,198.03,174.84,123.64,840.37,227.3,1778.26,400.4,477.26,253.78,580.77,1362.77,2
515.46,173.47,353.67,122.27,255,369.94,60.3,87.77,96.71,80.44,418.17,120.57,1757.61,535.6,539.32,309.24,720.78,2012.93,2
1534.68,458.64,961.3,331.88,1091.09,2250.68,223.81,258.38,144.35,119.51,455.76,127.49,2699.51,711.36,605.75,349.58,762.27,1733.79,2
1113.91,325.14,786.35,109.4,288.23,613.5,31.89,53.21,74.79,57.45,221.5,71.16,694.09,250.64,250.87,148.74,324.09,783.27,2
516.44,200.71,377.19,151.69,496.09,990.5,136.84,144.27,64.79,74.46,149.01,55.34,1298.7,413.92,310.31,184.87,314.59,731.44,2
289.95,138.95,348.03,66.19,189.32,381.94,40.59,54.31,55.26,47.8,124.85,40.52,588.55,296.4,177.44,113.44,244.58,608.95,2
853.25,183.46,275.6,81.82,143.73,395.35,37.69,58.15,82.42,75.84,328.23,95.86,528.89,263.12,285.83,158.82,410.52,1020.01,2
124.96,68.12,208.82,37.69,107.41,223.8,30.15,37.3,32.39,36.31,83.23,30.64,890.28,463.84,264.85,178.15,412.25,1103.64,2
1096.34,344.21,856.9,191.22,574.91,1256.65,158.87,200.23,122.43,91.47,242.98,80.05,1287.23,312,278.84,159.66,311.99,676.08,2
211.85,103.53,212.58,62.52,132.91,264.04,40.01,58.7,62.88,49.64,190.63,60.29,754.9,293.28,274.47,164.71,366.44,853.94,2
156.2,92.64,219.16,48.72,163.05,332.52,33.63,37.85,26.2,22.52,48.33,25.7,329.26,132.08,104.02,71.43,99.39,249.7,2
543.77,210.7,412.93,189.38,540.14,970.73,175.11,219.98,113.86,102.96,263.12,84,1567.16,327.6,372.37,193.28,343.11,737.33,2
463.72,204.35,463.72,79.06,200.14,483.6,30.73,53.21,51.93,33.09,122.83,50.4,430.22,148.72,160.83,101.68,173.71,413.42,2
79.08,67.21,197.53,22.06,62.59,170.14,15.66,19.75,20.48,16.55,52.36,26.68,168.65,83.2,84.79,54.62,78.65,190.81,2
1540.53,433.21,1054.42,253.74,705.5,1377.38,194.24,290.19,218.66,156.74,492.01,145.28,1785.14,369.2,401.21,213.44,432.99,959.94,2
1143.2,371.45,711.1,222.48,537.05,936.14,160.61,232.59,135.3,83.19,224.19,85.98,933.87,212.16,225.52,122.69,224.7,511.18,2
736.1,262.47,581.3,178.35,493,669.27,47.55,92.16,101.47,63.43,311.45,101.79,932.73,227.76,278.84,148.74,323.23,752.64,2
276.28,121.7,243.62,64.35,140.64,292.98,52.76,66.38,60.98,74.46,193.98,60.29,1249.37,344.24,317.3,176.47,392.37,952.88,2
541.82,203.44,427.98,102.05,258.86,522.43,65.52,93.81,80.03,72.16,198.01,63.25,886.84,271.44,266.6,152.1,303.35,713.77,2
693.14,257.93,441.15,121.35,242.64,463.83,32.47,41.69,48.12,45.04,150.35,52.38,465.79,179.92,192.3,111.76,247.17,626.61,2
261.64,132.6,183.42,45.05,71.86,110.84,23.19,38.4,44.78,39.07,156.4,53.37,396.95,144.56,174.82,103.36,241.99,583.03,2
727.31,310.6,912.39,188.46,798.23,1949.22,50.44,70.22,66.22,58.37,306.75,84.99,1321.65,268.32,465.02,242.86,515.09,1148.4,2
89.82,47.23,77.13,22.98,40.18,71.3,20.29,30.17,30.97,38.61,95.99,33.6,413.02,189.28,166.08,104.2,231.62,618.37,2
648.23,228.87,492.88,151.69,411.09,790,78.86,117.39,85.75,73.08,202.71,64.24,1654.35,432.64,349.64,207.56,444.22,1056.53,2
31.24,16.35,28.22,18.39,35.55,23.3,61.46,75.7,86.23,67.11,174.52,43.48,447.43,101.92,106.64,57.14,176.31,290.93,2
246.99,110.8,254.91,52.4,159.18,304.28,32.47,42.79,39.54,34.93,123.51,38.54,799.64,329.68,260.48,162.18,365.58,780.91,2
221.61,112.62,229.51,91.93,276.64,501.25,171.05,200.23,81.46,77.22,120.82,45.46,1016.48,235.04,214.15,125.21,230.75,568.9,2
541.82,217.06,427.04,179.27,599.64,1176.88,148.43,211.2,133.87,98.82,220.83,73.13,1440.96,288.08,309.43,162.18,280.02,587.74,2
487.15,162.57,252.08,89.18,156.09,261.92,42.91,60.89,52.4,65.27,217.48,74.12,806.53,318.24,340.9,187.39,516.82,1326.25,2
197.2,98.09,155.2,81.82,134.45,196.97,85.81,160.18,230.57,148,316.15,104.76,1571.75,405.6,284.08,139.5,367.31,798.58,2
670.69,246.12,422.33,142.5,381.73,697.51,64.36,88.32,94.8,84.11,271.17,72.14,1873.48,699.92,475.51,284.03,907.46,2310.93,2
396.36,148.04,262.43,66.19,123.64,209.68,39.43,62.54,86.23,70.32,214.12,66.21,863.89,405.6,298.94,178.15,503.86,1302.7,2
168.89,74.47,137.33,56.08,139.09,271.8,55.08,91.06,86.7,77.68,237.61,73.13,1164.47,230.88,273.59,146.22,337.06,785.62,2
647.26,202.53,377.19,133.3,281.27,455.36,73.64,98.19,75.27,82.28,475.23,129.46,2309.44,517.92,584.77,328.57,883.26,2070.65,2
803.46,196.17,283.12,102.05,183.14,300.75,24.93,32.91,26.68,40.45,444.35,121.56,1538.48,419.12,581.28,363.02,1406.13,3773.81,2
2749.14,929.09,1946.12,763.97,2065.5,3572.28,297.45,383.45,211.52,142.95,496.71,155.16,2300.26,496.08,453.66,244.54,541.88,1140.15,2
2026.71,406.87,654.67,246.38,533.96,1024.38,312.52,364.8,206.75,132.38,449.05,138.36,1801.2,466.96,455.41,260.5,610.16,1407.52,2
575.99,214.34,401.64,194.9,359.32,504.78,95.09,149.21,151.97,103.88,711.5,198.64,1782.85,439.92,480.75,246.22,708.68,1604.22,2
400.27,170.74,459.96,96.53,297.5,749.05,104.37,159.63,99.09,81.82,214.12,68.19,1327.38,372.32,307.68,178.15,346.56,772.67,2
1081.69,224.33,388.47,134.22,300.59,691.16,96.83,159.63,113.86,90.09,337.63,110.69,1336.56,287.04,350.51,178.99,413.11,848.05,2
419.79,164.38,292.53,103.89,180.05,242.86,48.13,88.32,101,83.19,619.54,167.02,1453.58,413.92,534.95,291.6,822.76,1999.98,2
116.17,58.12,115.7,37.69,73.41,116.49,44.07,60.89,63.84,71.24,273.19,73.13,1195.45,373.36,368,206.72,535.83,1299.16,2
112.27,59.03,107.23,43.21,82.68,120.02,52.76,64.18,67.17,81.36,233.59,62.26,2021.48,512.72,380.23,214.28,485.71,1117.77,2
503.75,151.67,262.43,96.53,171.55,229.45,35.95,47.18,50.5,51.48,449.05,116.62,1232.16,367.12,486.87,261.34,779.55,1935.2,2
1222.27,493.15,1145.66,421.06,1126.64,2113.01,229.03,303.91,164.36,128.7,694.72,196.67,2000.83,488.8,507.85,273.95,590.28,1315.65,2
620.9,217.97,408.23,275.8,575.68,814.71,350.21,459.15,222.95,145.71,331.58,110.69,1405.4,279.76,307.68,150.42,278.29,572.43,2
447.13,111.71,277.48,33.1,79.59,154.61,22.61,37.85,51.45,34.47,130.22,47.44,396.95,114.4,142.48,81.51,170.26,393.4,2
262.61,113.53,220.1,91.01,188.55,254.15,144.38,185.42,124.82,95.15,203.38,60.29,1633.7,407.68,274.47,154.62,378.54,924.61,2
560.37,152.58,264.31,93.77,156.09,217.44,36.53,46.63,38.59,51.94,507.45,134.41,313.2,386.88,352.26,209.24,876.35,2148.39,3
1036.78,196.17,331.1,91.01,165.36,290.16,20.87,25.78,28.11,39.53,340.98,94.87,139.97,320.32,259.61,154.62,573.86,1371.01,3
843.49,158.94,243.62,82.74,124.41,185.67,17.97,22.49,23.34,29.42,351.05,99.82,229.45,292.24,277.96,173.11,790.79,1955.22,3
717.55,280.63,641.5,239.03,817.55,1304.66,367.61,445.44,234.39,147.54,504.09,150.22,2303.71,469.04,458.03,253.78,554.85,1213.18,3
681.43,370.55,862.54,296.95,983.68,2127.84,170.47,249.05,203.9,122.26,551.75,157.14,3611.59,855.92,642.46,373.11,853.88,1936.38,3
1041.67,255.2,339.56,125.95,207.09,324.05,24.93,37.85,48.59,46.42,569.2,155.16,1499.47,478.4,460.65,293.28,1320.57,3335.65,3
754.65,222.51,443.03,136.98,236.45,369.94,63.78,94.35,117.67,98.36,750.43,197.66,1567.16,471.12,506.1,285.71,913.51,2232.01,3
277.26,111.71,206.93,69.87,135.23,235.8,39.43,61.99,81.46,66.19,272.52,82.03,1173.65,369.2,352.26,214.28,570.4,1416.95,3
324.12,116.25,194.71,83.66,134.45,173.67,89.87,133.3,117.67,99.74,583.29,153.18,2470.06,538.72,646.83,367.23,990.43,2385.13,3
389.53,164.38,290.65,134.22,299.05,416.53,51.6,100.39,136.25,98.82,595.38,162.08,1056.63,295.36,404.71,210.92,559.17,1392.21,3
936.23,265.19,422.33,156.29,274.32,368.52,28.41,43.34,31.92,41.37,633.64,177.89,869.63,264.16,404.71,269.75,1381.07,3686.65,3
1543.46,351.47,430.8,159.97,312.18,547.84,52.76,70.77,59.55,61.13,428.24,122.55,1748.43,471.12,601.38,381.51,1394.9,3550.02,3
794.67,265.19,575.65,169.16,295.96,456.07,58.56,91.06,111.48,83.19,757.14,208.53,1034.83,498.16,489.5,284.03,1050.93,2701.97,3
406.12,145.31,292.53,111.24,159.95,206.15,42.91,61.99,65.27,65.73,841.04,225.33,680.33,436.8,471.14,278.99,1262.67,3266.16,3
1312.09,234.32,386.59,126.87,224.86,359.35,31.31,42.24,47.16,50.1,557.79,152.2,1110.55,414.96,499.11,302.52,1433.79,3547.67,3
1071.93,277.91,470.31,163.64,274.32,393.94,85.23,142.08,175.79,104.34,530.27,147.25,1494.89,460.72,404.71,231.93,680.16,1640.74,3
716.57,249.76,560.6,165.48,364.73,641.03,88.71,140.98,162.45,101.58,432.27,128.48,1290.67,339.04,332.16,178.99,440.77,1103.64,3
488.13,186.18,460.9,128.71,305.23,434.89,78.28,125.07,143.87,98.36,436.97,108.71,1469.65,450.32,365.37,202.52,535.83,1138.97,3
522.3,192.54,344.26,116.76,182.36,278.86,40.01,64.73,86.7,72.62,375.89,104.76,1135.79,381.68,402.96,234.45,671.52,1607.76,3
398.31,181.64,380.95,142.5,256.55,381.94,49.28,86.13,97.66,78.6,730.29,192.71,1827.59,464.88,520.09,285.71,892.77,2115.41,3
706.81,212.52,359.31,107.56,206.32,426.41,72.48,110.81,99.57,79.52,308.09,93.89,1642.88,395.2,412.57,247.06,592.01,1379.26,3
1006.52,377.81,785.41,282.24,508.46,715.16,94.51,150.86,202.47,122.72,837.02,227.3,1699.1,540.8,437.92,239.49,693.13,1637.2,3
575.99,160.75,321.69,97.45,195.5,333.93,54.5,93.26,155.78,94.23,354.41,104.76,1220.69,426.4,331.28,187.39,525.46,1237.91,3
412.96,155.3,300.05,125.03,228.73,329.69,48.7,80.09,113.86,85.95,532.95,146.27,1319.35,505.44,463.27,255.46,790.79,1917.53,3
836.65,238.86,417.63,144.34,263.5,381.94,36.53,48.82,52.88,62.97,475.23,122.55,1024.51,455.52,547.19,314.28,1042.28,2534.72,3
1241.8,204.35,318.87,114,170,235.8,37.69,55.95,59.07,56.08,559.8,151.21,943.05,333.84,436.18,254.62,959.31,2229.66,3
939.16,263.38,458.08,146.18,306,609.26,58.56,77.9,69.55,72.16,336.28,96.85,1686.48,488.8,552.43,321.01,985.24,2353.33,3
752.69,282.45,472.19,240.87,421.14,452.54,56.24,92.16,121,95.6,510.8,144.29,1054.34,302.64,366.25,186.55,481.39,1101.28,3
507.65,158.94,322.63,114,180.82,356.52,53.34,76.25,101,79.98,457.1,129.46,1595.84,470.08,482.5,273.95,743.25,1771.48,3
672.64,197.99,411.99,125.95,299.05,729.28,51.6,65.83,89.56,83.19,516.17,141.32,959.11,327.6,392.47,210.92,645.59,1568.89,3
592.59,212.52,417.63,158.13,298.27,416.53,84.65,131.66,145.78,107.1,636.99,173.94,1131.2,358.8,463.27,258.82,738.93,1789.14,3
429.55,161.66,334.86,98.37,170,248.51,75.38,123.43,104.33,80.44,597.39,164.05,1047.45,361.92,480.75,280.67,1000.8,2371,3
570.13,208.89,405.4,120.43,238.77,538.67,80.02,122.33,103.38,81.36,373.2,105.75,1135.79,265.2,409.08,223.53,573,1316.83,3
231.37,117.16,225.75,103.89,217.14,290.87,74.8,124.53,133.39,96.98,491.34,136.38,1951.5,413.92,465.02,257.98,754.49,1710.23,3
463.72,257.93,584.12,231.67,584.96,1063.92,88.71,156.89,131.48,103.88,498.05,139.35,2951.91,639.6,577.78,347.06,967.09,2260.28,3
139.6,68.12,146.74,47.81,86.55,127.78,39.43,59.25,74.79,65.27,274.53,72.14,1330.83,367.12,347.89,207.56,568.67,1312.12,3
777.1,389.62,773.18,343.83,812.91,1005.32,136.26,224.37,200.09,121.34,516.84,153.18,1683.04,341.12,363.63,187.39,432.12,893.98,3
913.78,215.24,489.12,148.01,335.36,735.64,48.13,83.38,106.24,77.22,475.9,134.41,937.31,310.96,357.51,196.64,569.54,1319.18,3
456.89,184.36,614.22,125.95,272.77,714.46,60.3,102.58,140.06,104.34,628.27,170.97,1617.64,461.76,424.81,237.81,670.66,1621.89,3
819.08,188,333.92,103.89,180.82,390.41,42.33,61.99,100.52,85.49,399.38,117.61,744.57,380.64,362.75,202.52,602.38,1444.04,3
615.04,160.75,363.08,89.18,198.59,412.3,48.7,68.02,102.9,90.09,498.05,132.43,665.41,396.24,368.87,194.12,580.77,1381.61,3
470.56,307.88,649.02,310.74,644.46,755.4,57.98,94.9,154.83,116.75,815.54,212.48,859.3,347.36,333.03,165.55,484.84,1048.28,3
423.7,98.99,148.62,67.11,93.5,131.31,40.01,56.5,96.23,88.25,436.97,115.63,585.1,554.32,356.63,205.88,726.83,1716.12,3
338.76,121.7,221.04,102.05,196.27,263.33,48.13,76.25,121.96,99.28,516.84,141.32,1073.84,414.96,352.26,170.59,513.36,1144.86,3
575.99,179.82,370.6,121.35,218.68,341.7,48.13,64.18,83.85,83.19,692.03,179.87,661.97,616.72,418.69,241.18,929.93,2223.77,3
837.63,314.24,722.39,250.06,627.46,1037.8,94.51,149.21,158.64,112.15,639.01,178.88,2239.46,572,490.37,268.07,673.25,1498.22,3
554.51,208.89,340.5,106.64,204,319.11,27.25,40.05,59.55,46.88,226.2,69.18,1767.93,617.76,461.52,293.28,998.21,2548.85,3
605.28,307.88,705.46,257.42,662.23,1181.82,269.62,425.14,322.52,186.61,769.22,214.46,3415.41,777.92,580.4,321.01,793.38,1786.79,3
624.8,207.98,411.99,137.9,300.59,482.19,59.14,105.33,133.39,108.47,477.91,132.43,1226.43,254.8,379.36,194.96,495.21,1088.33,3
700.95,320.59,715.8,205.93,487.59,621.97,56.82,105.33,127.2,96.52,430.25,128.48,1214.95,283.92,361.88,189.07,394.96,811.53,3
1303.3,294.26,615.16,143.42,311.41,489.95,59.72,122.88,144.82,106.64,423.54,127.49,1027.95,249.6,306.81,161.34,395.83,820.96,3
711.69,166.2,251.14,66.19,107.41,369.23,35.37,58.15,99.09,80.9,257.75,80.05,636.73,254.8,244.75,145.38,350.02,803.29,3
724.38,267.01,497.58,128.71,243.41,488.54,62.62,97.1,105.28,75.84,193.98,64.24,1181.68,411.84,268.35,164.71,353.48,780.91,3
411.98,156.21,240.8,91.01,150.68,161.67,61.46,113.01,139.11,71.7,175.86,63.25,407.28,157.04,149.47,87.39,185.81,363.95,3
920.61,227.96,1010.22,134.22,275.09,1062.51,50.44,88.32,99.57,90.09,553.09,155.16,1060.07,278.72,405.58,224.37,596.33,1355.7,3
469.58,138.05,214.46,79.98,122.09,184.26,70.74,106.97,98.14,89.63,468.51,126.5,1398.52,372.32,475.51,273.95,904.87,2104.81,3
863.01,316.96,695.11,259.25,710.14,1491.04,233.67,292.39,154.35,136.51,518.86,146.27,2411.55,484.64,558.55,304.2,675.84,1454.64,3
522.3,130.78,222.92,71.71,128.27,240.74,35.37,71.31,89.09,81.82,349.04,98.83,1087.61,278.72,382.86,218.49,559.17,1212,3
111.29,49.95,69.61,41.37,57.95,62.83,45.23,83.38,90.51,103.88,314.13,92.9,1890.69,307.84,407.33,231.09,516.82,1279.14,3
523.27,156.21,253.02,126.87,248.05,435.59,189.02,311.04,189.6,154.9,391.99,118.59,2063.93,371.28,479.88,261.34,515.09,1160.18,3
782.96,167.11,317.93,96.53,212.5,488.54,46.97,75.7,120.53,99.74,400.05,109.7,914.37,315.12,346.14,193.28,529.78,1191.98,3
832.75,171.65,318.87,107.56,193.95,289.45,70.16,121.23,162.93,124.1,505.43,121.56,1288.38,320.32,340.02,187.39,463.24,1040.04,3
462.75,148.94,333.92,88.26,169.23,321.93,93.35,170.61,169.6,108.93,376.56,111.68,993.53,327.6,371.49,213.44,564.35,1391.03,3
478.37,168.02,352.73,58.84,119,245.68,28.99,46.63,95.28,59.75,175.86,55.34,754.9,435.76,216.78,141.18,343.11,802.11,3
548.66,166.2,300.05,63.43,122.86,203.32,26.09,40.05,73.36,58.37,216.81,67.2,728.51,339.04,245.62,152.94,394.96,949.34,3
332.9,111.71,286.89,54.24,132.91,304.99,26.67,40.05,82.89,67.11,175.86,51.39,539.21,277.68,199.29,121.85,300.76,690.22,3
352.43,231.59,522.98,208.69,523.91,641.74,46.39,85.58,136.73,100.66,611.49,166.03,692.95,234,319.92,163.02,467.56,994.1,3
593.56,214.34,379.07,100.21,223.32,468.07,67.84,111.36,97.18,74.92,179.22,64.24,982.06,290.16,246.5,152.94,318.91,701.99,3
850.32,199.8,332.04,120.43,199.36,290.87,37.69,54.31,73.36,73.08,502.08,133.42,1116.29,462.8,451.04,259.66,838.32,1971.71,3
380.74,122.61,245.5,80.9,156.09,240.74,41.75,56.5,93.37,97.9,483.28,126.5,850.12,375.44,364.5,196.64,581.64,1406.35,3
354.38,108.98,186.24,83.66,126.73,147.55,35.37,43.89,57.17,75.84,398.71,102.78,509.39,485.68,387.23,218.49,749.3,1828.01,3
1041.67,267.92,715.8,165.48,338.46,573.26,45.23,60.89,99.57,88.25,544.36,154.17,513.97,230.88,285.83,152.94,459.78,1048.28,3
403.19,129.87,210.7,98.37,162.27,277.45,33.63,53.76,79.08,76.76,422.87,118.59,1070.4,382.72,431.8,242.86,694.86,1621.89,3
1341.38,189.81,262.43,86.42,121.32,173.67,28.41,41.69,61.45,62.97,426.9,114.64,764.08,339.04,392.47,231.09,770.04,1860.99,3
553.54,177.1,406.34,103.89,300.59,427.12,32.47,52.66,89.56,78.6,327.56,89.93,470.38,197.6,260.48,138.66,369.03,773.84,3
333.88,128.96,236.09,74.47,135.23,240.03,42.33,65.83,116.24,91.93,484.62,131.44,1220.69,410.8,479.88,246.22,648.19,1560.64,3
630.66,203.44,389.41,148.93,298.27,535.14,49.86,83.38,84.32,74,379.24,109.7,2102.93,550.16,502.61,278.15,716.46,1639.56,3
2139.95,456.82,718.63,219.72,560.23,1110.51,111.33,170.61,116.24,87.33,228.22,77.09,1336.56,297.44,300.69,176.47,358.66,784.44,3
383.67,144.4,304.76,51.48,103.55,241.45,27.83,46.63,80.51,69.41,240.3,74.12,501.35,234,247.37,153.78,395.83,948.16,3
337.78,116.25,206.93,76.31,133.68,195.56,53.34,81.19,115.29,97.9,330.24,91.91,845.53,299.52,313.8,176.47,494.35,1166.07,3
347.55,103.53,204.11,64.35,136,225.21,28.99,37.85,63.36,69.41,316.82,88.95,410.72,185.12,262.23,141.18,396.69,890.45,3
131.79,57.22,101.59,45.97,83.45,108.72,66.68,99.29,143.39,113.07,283.93,83.02,1127.76,316.16,260.48,143.7,361.26,819.78,3
281.16,120.79,220.1,107.56,231.82,302.87,111.91,165.67,172.45,100.66,269.16,84,1875.78,450.32,304.19,178.99,425.21,912.83,3
554.51,261.56,517.34,216.04,571.05,991.91,218.59,336.82,250.58,150.76,326.89,103.77,2304.85,531.44,373.24,215.97,496.08,1103.64,3
590.64,168.93,328.27,95.61,176.95,276.04,46.97,61.99,90.99,72.16,273.19,84.99,595.43,279.76,232.51,131.09,365.58,829.2,3
319.24,101.72,204.11,62.52,129.05,189.91,40.01,58.7,88.13,70.32,185.26,59.3,533.48,219.44,187.06,106.72,249.77,547.7,3
432.48,118.97,204.11,63.43,113.59,181.44,26.09,33.46,57.64,60.67,281.91,84.99,384.33,292.24,268.35,154.62,454.59,1080.08,3
383.67,136.23,259.61,96.53,169.23,219.56,44.07,60.34,93.85,86.41,600.75,160.1,493.32,321.36,381.98,198.32,631.76,1498.22,3
290.92,111.71,237.03,94.69,292.86,370.64,42.91,74.61,124.82,99.74,366.49,99.82,1128.91,362.96,322.54,172.27,450.27,1001.17,3
317.28,108.98,197.53,69.87,187,267.57,55.66,83.93,131.01,96.06,253.72,76.1,839.8,293.28,256.11,144.54,352.61,770.31,3
453.96,170.74,384.71,128.71,343.86,499.13,44.65,70.22,119.57,91.93,370.52,109.7,904.04,310.96,321.67,172.27,451.14,984.68,3
229.42,111.71,241.74,83.66,144.5,256.98,87.55,130.56,114.33,114.45,223.52,69.18,1533.89,469.04,370.62,233.61,498.67,1168.42,3
237.23,108.08,206.93,87.34,171.55,278.86,97.41,161.83,151.49,113.07,208.08,69.18,1483.41,403.52,300.69,187.39,368.17,836.27,3
562.32,174.37,318.87,90.1,183.91,292.98,95.67,146.47,179.12,120.89,332.93,97.84,1047.45,349.44,322.54,192.44,523.73,1230.85,3
705.83,171.65,380.95,92.85,253.46,465.95,34.21,58.15,102.9,71.7,344.34,104.76,1113.99,330.72,334.78,182.35,509.91,1135.44,3
238.21,94.45,152.38,73.55,114.36,136.96,84.07,129.46,200.56,146.17,310.11,93.89,1141.53,279.76,285.83,163.02,344.83,793.87,3
185.49,68.12,120.4,48.72,90.41,127.08,45.23,55.95,104.81,96.52,359.78,97.84,469.23,401.44,323.42,173.95,508.18,1213.18,3
539.87,172.56,376.24,83.66,226.41,307.1,36.53,62.54,126.24,85.03,263.79,83.02,416.46,221.52,217.65,118.49,298.17,658.41,3
399.29,160.75,278.42,135.14,278.96,440.53,82.33,131.66,171.5,114.45,482.61,134.41,1875.78,488.8,431.8,227.73,613.62,1401.63,3
1084.62,340.58,712.98,216.04,532.41,1009.56,93.35,138.24,138.15,96.06,392.67,111.68,2530.86,660.4,453.66,275.63,730.29,1670.18,3
303.62,98.09,194.71,72.63,146.05,249.21,19.13,24.69,54.31,60.21,278.56,83.02,283.37,452.4,309.43,173.95,522.01,1266.18,3
350.48,109.89,205.05,83.66,175.41,191.32,37.69,55.41,164.36,109.85,267.82,84,354.5,279.76,184.43,98.32,254.09,544.16,3
415.89,137.14,248.32,103.89,191.64,263.33,44.07,65.28,111,84.57,359.78,107.72,458.91,254.8,263.98,144.54,396.69,932.85,3
856.18,213.43,448.67,80.9,146.82,327.58,36.53,47.18,68.12,62.05,258.42,78.07,354.5,254.8,253.49,147.9,401.88,942.27,3
708.76,241.58,474.07,128.71,285.14,390.41,32.47,51.57,77.65,55.16,210.76,72.14,550.69,199.68,217.65,121.85,262.73,564.19,3
417.84,134.41,252.08,75.39,132.91,304.99,35.37,55.95,98.61,90.55,487.98,129.46,1083.02,409.76,425.69,221.85,647.32,1500.57,3
478.37,130.78,183.42,60.68,91.95,122.84,32.47,47.18,67.17,64.81,399.38,105.75,819.15,444.08,454.53,265.55,1031.91,2484.07,3
374.88,129.87,220.1,74.47,126.73,206.85,34.79,52.66,83.85,76.76,285.94,84,936.17,373.36,339.15,197.48,532.38,1246.16,3
408.08,165.29,337.68,132.38,272.77,473.01,38.85,57.6,78.13,79.52,634.98,181.84,680.33,527.28,390.72,204.2,668.06,1524.13,3
409.05,130.78,246.44,80.9,170,307.1,40.01,53.21,95.28,95.6,414.15,112.66,372.86,406.64,310.31,165.55,503.86,1199.04,3
552.56,253.39,598.23,175.59,431.18,592.32,53.92,81.19,127.67,112.61,788.02,206.55,530.04,345.28,305.06,157.14,485.71,1097.75,3
617.97,180.73,345.2,69.87,143.73,290.87,32.47,52.66,84.32,68.95,241.64,71.16,577.07,221.52,254.36,145.38,374.22,864.54,3
516.44,142.59,284.06,89.18,199.36,333.22,60.88,105.87,114.81,79.98,257.75,80.05,1047.45,292.24,274.47,156.3,391.5,873.96,3
781.98,232.5,487.24,155.37,340.77,609.97,40.01,70.22,96.71,79.52,434.95,122.55,1397.37,361.92,419.57,227.73,562.63,1267.36,3
503.75,162.57,284.06,90.1,176.18,350.87,38.27,57.05,68.6,65.27,379.91,105.75,1415.72,531.44,493.87,288.23,1016.36,2466.4,3
343.64,140.77,254.91,107.56,204,276.75,59.72,98.74,133.39,101.12,672.57,170.97,1657.8,437.84,461.52,233.61,720.78,1653.69,3
1758.24,423.22,954.72,256.5,485.27,895.19,115.38,176.09,156.73,96.06,499.39,147.25,1463.91,372.32,384.6,207.56,535.83,1183.73,3
467.63,134.41,261.49,76.31,173.09,323.34,47.55,72.96,137.68,90.55,300.71,84.99,796.2,321.36,259.61,145.38,418.3,943.45,3
588.68,248.85,501.35,207.77,474.46,706.69,64.94,127.82,229.62,129.16,722.24,191.73,1538.48,426.4,395.09,204.2,571.27,1289.74,3
443.22,131.69,190,127.79,213.27,217.44,104.37,232.05,245.34,109.85,284.6,93.89,1044.01,217.36,200.17,101.68,260.14,530.03,3
393.43,194.35,305.7,195.82,323,309.93,31.31,48.27,113.38,82.28,339.64,106.73,445.14,153.92,201.92,100.84,262.73,558.3,3
265.54,97.18,178.72,69.87,130.59,190.62,33.63,59.79,114.81,86.87,326.89,92.9,1592.4,515.84,409.08,231.93,610.16,1439.32,3
49.79,29.97,69.61,26.66,41.73,50.12,28.41,30.72,37.16,62.97,157.74,41.51,675.74,485.68,354.01,219.33,733.75,1954.04,3
331.93,116.25,166.49,109.4,170.77,174.38,41.75,81.74,130.06,78.14,221.5,74.12,627.55,162.24,178.32,93.28,222.98,477.03,3
261.64,100.81,146.74,102.97,143.73,136.26,62.04,119.59,161.97,82.28,199.35,70.17,605.76,138.32,144.23,76.47,184.08,392.22,3
289.95,121.7,186.24,82.74,119,124.96,33.05,68.02,109.09,58.83,131.56,51.39,399.25,110.24,112.76,63.02,135.69,273.26,3
361.21,202.53,282.18,227.08,336.91,290.16,41.17,72.96,134.34,87.79,411.46,125.51,561.01,152.88,221.15,109.24,291.25,620.72,3
352.43,119.88,158.96,152.61,180.05,146.14,64.94,153.05,212.47,111.69,377.23,118.59,792.76,178.88,207.16,105.88,273.97,592.46,3
670.69,224.33,307.58,184.79,258.86,231.56,80.6,159.09,164.36,88.25,298.02,100.8,746.87,145.6,201.92,100,236.8,466.43,3
387.57,128.96,247.38,91.93,214.82,272.51,29.57,40.05,69.08,76.3,341.65,100.8,189.3,178.88,199.29,102.52,292.12,628.97,3
307.52,97.18,151.44,75.39,163.05,249.21,31.89,44.43,85.75,84.11,406.76,114.64,518.56,321.36,301.56,145.38,419.16,951.7,3
499.84,176.19,284.06,151.69,288.23,377.7,55.66,106.42,212.47,123.18,441.67,123.54,1271.17,401.44,309.43,162.18,438.17,997.63,3
327.05,181.64,254.91,186.63,271.23,236.5,67.26,110.81,200.56,121.8,434.28,133.42,461.2,203.84,206.29,101.68,274.83,581.85,3
516.44,217.06,450.55,193.06,467.5,657.98,60.88,118.49,223.43,124.56,500.06,140.34,2074.25,566.8,387.23,204.2,515.96,1128.37,3
828.84,198.9,477.83,91.93,214.05,405.94,44.07,81.19,139.11,87.79,300.71,90.92,844.39,309.92,263.1,146.22,376.81,878.67,3
246.99,84.46,140.15,73.55,166.14,208.27,29.57,41.14,81.46,74.92,275.2,81.04,452.02,235.04,211.53,107.56,299.03,672.55,3
83.96,47.23,89.36,26.66,44.82,88.25,22.03,27.98,47.16,52.86,121.49,41.51,206.51,239.2,144.23,91.6,228.16,558.3,3
251.87,77.2,139.21,55.16,85,108.02,25.51,31.82,43.83,49.64,325.54,84.99,425.63,486.72,380.23,226.89,863.38,2153.1,3
142.53,53.58,63.02,75.39,77.27,72.72,76.54,109.17,145.3,114.45,294,94.87,530.04,171.6,173.07,84.87,248.9,458.18,3
138.63,59.03,100.65,60.68,139.86,169.44,47.55,61.99,113.38,94.69,271.17,81.04,393.51,174.72,183.56,97.48,265.32,577.14,3
341.69,119.88,218.22,85.5,177.73,286.63,82.91,165.12,246.77,137.43,458.45,126.5,1618.79,463.84,386.35,198.32,525.46,1227.31,3
360.24,111.71,248.32,62.52,146.05,237.21,31.31,46.08,101.95,88.71,281.91,85.98,281.08,214.24,203.67,109.24,292.12,650.17,3
288.97,98.99,179.66,66.19,105.09,196.26,24.93,30.72,47.64,60.21,336.95,99.82,651.65,470.08,411.7,217.65,649.05,1590.09,3
302.64,104.44,158.96,73.55,108.18,151.08,28.99,42.79,73.84,67.57,391.99,109.7,777.85,386.88,378.48,206.72,598.92,1431.08,3
254.8,83.55,138.27,63.43,127.5,156.73,37.69,61.99,91.94,72.62,220.83,70.17,471.53,149.76,194.05,108.4,273.1,613.66,3
357.31,109.89,254.91,68.03,161.5,211.09,31.89,53.21,89.56,70.32,412.13,104.76,773.26,275.6,343.52,194.96,579.05,1343.92,3
332.9,128.96,217.28,96.53,158.41,225.21,48.13,80.09,92.42,81.82,765.2,200.62,1518.98,439.92,585.65,319.33,969.69,2456.98,3
808.34,248.85,506.05,122.27,232.59,324.75,34.21,49.92,98.14,84.11,373.2,114.64,308.61,200.72,235.13,126.89,343.97,808,3
759.53,258.84,478.77,148.01,273.55,323.34,29.57,37.3,78.13,64.35,253.72,87.96,204.21,143.52,170.45,92.44,235.94,541.81,3
308.5,118.07,189.06,71.71,123.64,141.2,19.71,26.33,61.93,53.78,172.5,61.27,182.41,118.56,139.86,78.99,183.22,406.36,3
1393.12,326.04,827.74,141.58,445.09,597.97,31.89,42.24,56.21,64.35,417.5,129.46,134.23,134.16,182.69,99.16,281.74,617.19,3
556.47,153.49,289.71,79.06,161.5,324.05,30.73,40.05,56.21,61.59,379.91,109.7,214.54,224.64,240.38,129.41,358.66,789.16,3
432.48,162.57,302.88,100.21,200.14,261.92,35.37,69.12,132.91,91.47,220.16,73.13,929.28,297.44,224.64,124.37,258.41,535.92,3
343.64,117.16,155.2,126.87,182.36,160.26,27.83,42.24,90.04,75.38,299.37,97.84,314.35,140.4,188.81,98.32,239.4,514.72,3
571.11,234.32,360.25,185.71,295.96,321.22,43.49,63.63,110.05,79.06,273.19,92.9,476.11,144.56,201.92,107.56,241.99,532.39,3
115.2,47.23,88.42,30.34,61.82,88.95,29.57,40.05,62.88,64.35,158.41,48.43,426.78,208,182.69,114.29,267.05,666.66,3
867.89,247.03,506.99,99.29,264.27,350.17,27.83,43.89,86.23,69.87,311.45,95.86,386.63,134.16,212.41,111.76,269.65,585.39,3
164.99,70.84,125.1,57,106.64,118.61,46.39,85.03,115.29,90.09,308.76,92.9,667.71,138.32,197.55,103.36,256.68,514.72,3
177.68,62.67,89.36,57.92,112.82,124.25,45.81,84.48,109.57,87.33,242.98,75.11,697.54,150.8,209.78,115.13,265.32,575.97,3
1000.66,259.75,463.72,136.98,265.05,326.16,45.23,70.77,167.69,103.42,379.24,121.56,329.26,185.12,193.18,103.36,261,574.79,3
462.75,174.37,241.74,155.37,253.46,289.45,33.63,49.92,127.67,90.55,308.76,100.8,493.32,224.64,233.38,121.85,302.49,698.46,3
860.08,214.34,355.55,133.3,186.23,316.99,33.05,42.79,40.49,52.86,638.33,164.05,713.6,307.84,388.97,226.89,983.51,2050.63,3
277.26,96.27,160.84,66.19,142.18,233.68,65.52,103.13,90.51,83.65,233.59,74.12,857.01,222.56,268.35,151.26,339.65,775.02,3
394.41,150.76,301.94,76.31,200.14,300.75,34.21,61.44,98.61,74.92,224.86,73.13,445.14,137.28,184.43,105.88,237.67,513.54,3
320.21,116.25,224.81,71.71,153.77,292.98,31.31,50.47,80.03,73.08,256.41,79.06,636.73,236.08,275.34,156.3,394.1,857.47,3
360.24,108.08,173.07,71.71,113.59,146.84,40.01,54.31,58.6,72.16,518.19,140.34,766.37,406.64,499.11,290.76,1025,2574.77,3
1020.19,207.07,377.19,105.72,198.59,338.17,26.67,36.75,54.31,54.7,310.78,96.85,404.98,202.8,269.22,153.78,403.6,852.76,3
323.14,105.35,195.65,68.03,119.77,175.79,31.89,42.24,41.92,52.86,511.47,134.41,1299.85,479.44,541.94,312.6,1091.54,2729.06,3
428.58,303.34,626.45,148.93,213.27,223.09,53.92,72.96,149.11,90.55,411.46,150.22,275.34,117.52,168.7,90.76,231.62,485.27,3
181.58,78.11,142.97,61.6,130.59,211.09,120.6,185.97,169.6,109.85,219.49,71.16,1374.42,370.24,253.49,152.94,342.24,757.35,3
490.08,197.99,426.1,130.55,239.55,449.71,37.11,57.6,100.52,83.65,536.31,158.12,1700.25,557.44,506.1,267.23,754.49,1773.83,3
607.23,178.92,412.93,47.81,93.5,182.14,19.71,22.49,39.54,45.04,153.71,57.32,79.16,137.28,138.98,89.08,193.59,409.89,3
585.75,169.83,376.24,55.16,139.86,253.45,21.45,25.23,40.02,49.18,183.24,63.25,83.75,153.92,144.23,91.6,221.25,482.92,3
603.33,183.46,459.96,94.69,264.27,364.29,28.99,35.66,63.84,70.78,246.34,80.05,285.67,253.76,226.39,126.89,305.94,703.17,3
229.42,111.71,142.03,161.8,207.09,134.84,45.23,72.41,138.15,98.36,366.49,117.61,346.47,125.84,187.06,100,242.85,486.45,3
263.59,122.61,200.35,206.85,334.59,258.39,95.67,169.51,223.91,141.57,744.39,208.53,1227.57,277.68,344.4,176.47,459.78,985.86,3
499.84,225.23,372.48,204.09,370.14,410.18,157.13,271.54,231.05,142.49,634.31,190.74,1951.5,330.72,377.61,190.76,442.49,882.2,3
1154.91,310.6,550.26,138.82,247.27,482.89,28.99,49.92,66.7,57.91,269.83,84.99,1334.27,417.04,382.86,221.01,586.82,1380.43,3
258.71,101.72,199.41,51.48,91.95,148.26,26.09,35.66,46.69,50.1,218.15,63.25,735.4,314.08,313.8,183.19,511.63,1260.29,3
945.02,227.96,356.49,81.82,145.27,286.63,27.25,36.21,48.12,46.88,275.87,85.98,453.17,196.56,255.24,144.54,401.01,952.88,3
200.13,77.2,165.55,56.08,113.59,154.61,37.11,56.5,94.8,82.28,383.27,95.86,922.4,388.96,370.62,197.48,650.78,1465.24,3
579.9,151.67,181.54,52.4,90.41,132.02,16.81,19.75,29.54,30.8,203.38,66.21,242.07,227.76,223.77,140.34,445.09,1102.46,3
1437.05,303.34,328.27,93.77,146.82,261.21,19.13,25.78,37.16,39.53,319.5,91.91,827.18,411.84,390.72,219.33,738.93,1760.88,3
644.33,200.71,350.85,135.14,268.91,427.83,54.5,98.74,126.24,86.41,344.34,101.79,2256.67,487.76,459.78,252.94,628.31,1488.79,3
892.3,288.81,769.42,192.14,436.59,711.63,41.75,71.86,97.66,80.44,594.7,163.07,922.4,245.44,354.01,188.23,545.34,1260.29,3
1062.17,281.54,830.56,153.53,469.05,700.34,37.69,62.54,97.66,73.54,480.6,139.35,702.13,171.6,285.83,143.7,388.91,871.6,3
466.65,128.96,211.64,73.55,118.23,191.32,25.51,34.56,34.3,43.21,381.26,104.76,1318.21,362.96,543.69,340.33,1422.55,3578.29,3
920.61,294.26,595.41,202.25,405.68,672.8,136.84,218.88,141.49,101.58,659.14,188.76,1372.13,254.8,406.46,219.33,555.71,1254.4,3
752.69,242.49,518.28,164.56,348.5,538.67,45.81,87.22,131.01,88.71,753.11,207.54,966,325.52,357.51,202.52,643.86,1570.07,3
342.67,113.53,181.54,78.14,108.95,134.84,23.77,36.21,38.11,39.53,657.8,169.98,753.75,283.92,378.48,225.21,988.7,2477.01,3
848.37,227.05,776,125.95,294.41,672.1,40.59,68.02,98.61,70.32,520.87,153.18,552.98,212.16,295.45,154.62,492.62,1170.78,3
619.92,292.44,624.57,300.62,826.05,1552.46,73.64,120.14,97.18,80.44,1058.52,283.64,1837.92,526.24,569.91,331.09,1115.74,2853.92,3
782.96,152.58,303.82,66.19,146.82,297.93,27.83,35.66,52.88,57.45,364.47,100.8,242.07,225.68,270.1,151.26,474.47,1135.44,3
1255.47,272.46,877.59,137.9,348.5,737.05,31.31,47.18,78.13,75.84,508.79,140.34,554.13,298.48,319.92,167.23,503.86,1169.6,3
590.64,208.89,364.96,129.63,213.27,351.58,50.44,81.19,69.08,51.48,961.19,264.86,1953.79,636.48,587.39,317.65,1030.18,2401.62,3
202.09,122.61,213.52,207.77,372.46,387.59,80.6,141.53,200.56,122.26,408.78,126.5,975.17,293.28,251.74,123.53,338.79,683.15,3
109.34,66.3,134.51,62.52,119,137.67,52.76,89.97,161.97,114.45,310.78,87.96,1658.94,352.56,296.32,148.74,386.32,851.58,3
271.4,94.45,158.96,79.98,166.91,225.21,54.5,91.61,142.44,108.02,402.06,104.76,1325.09,367.12,348.77,178.15,456.32,1023.55,3
1459.5,384.17,578.48,260.17,585.73,1148.64,105.53,157.99,141.49,89.63,592.02,139.35,1666.97,648.96,472.89,250.42,793.38,1381.61,3
583.8,149.85,238.92,77.22,119.77,198.38,34.21,50.47,54.31,61.59,425.56,122.55,681.47,303.68,385.48,216.81,706.09,1696.09,3
469.58,148.94,302.88,126.87,402.59,496.31,30.15,46.63,77.65,68.03,314.8,95.86,445.14,177.84,242.13,121.85,298.17,651.35,3
762.46,258.84,532.39,178.35,326.86,473.72,74.8,122.33,115.76,87.79,651.09,168.01,1291.82,392.08,449.29,238.65,759.67,1679.61,3
863.01,247.03,443.97,171,358.55,559.85,47.55,74.61,97.66,82.28,396.02,114.64,1616.5,422.24,417.82,224.37,578.18,1295.63,3
834.7,244.31,422.33,124.11,213.27,328.99,41.75,68.02,75.27,65.27,571.88,154.17,2184.39,607.36,542.82,326.05,1200.44,2942.25,3
344.62,149.85,211.64,137.9,187,247.09,58.56,123.43,141.97,91.47,299.37,100.8,746.87,153.92,191.43,98.32,235.08,477.03,3
270.42,108.08,148.62,50.56,83.45,125.67,23.19,35.11,44.3,51.02,200.02,63.25,683.77,220.48,298.07,173.95,432.99,1069.48,3
826.89,227.96,411.05,123.19,204,369.23,35.95,65.28,73.84,65.27,388.64,118.59,1236.75,272.48,379.36,201.68,522.01,1156.64,3
781.98,163.48,301,69.87,146.82,345.23,28.41,40.59,80.99,70.78,284.6,84,598.87,281.84,277.09,152.1,382.86,922.25,3
505.7,155.3,278.42,96.53,160.73,237.92,49.86,85.03,101.47,87.33,704.11,183.82,1520.13,497.12,492.12,270.59,862.52,2063.58,3
288.97,85.37,164.61,67.11,113.59,213.21,40.01,56.5,88.13,78.6,410.12,110.69,813.41,301.6,342.65,171.43,489.16,1104.82,3
161.08,51.77,84.65,42.29,68,123.55,27.25,35.66,51.93,66.19,273.19,77.09,344.18,188.24,252.61,136.97,387.18,998.81,3
404.17,108.98,207.88,59.76,127.5,234.39,24.35,32.37,49.07,57.45,300.71,83.02,425.63,217.36,284.96,154.62,465.83,1133.09,3
503.75,133.51,205.99,65.27,102,171.55,35.95,69.12,98.61,79.98,308.76,87.96,1023.36,314.08,343.52,189.07,507.31,1208.47,3
863.99,264.29,596.35,84.58,248.05,410.18,29.57,45.53,60.03,42.29,167.13,60.29,518.56,165.36,177.44,100,200.51,455.83,3
253.83,98.99,230.45,60.68,154.55,303.57,40.01,59.79,80.03,68.03,206.74,64.24,642.47,220.48,211.53,113.44,281.74,626.61,3
768.31,260.65,797.64,108.48,425,571.14,51.02,87.22,118.15,81.36,308.76,98.83,844.39,237.12,242.13,127.73,305.08,704.35,3
399.29,151.67,306.64,125.03,446.64,377.7,32.47,52.66,93.37,74,400.05,111.68,703.27,160.16,280.59,133.61,343.11,764.42,3
289.95,110.8,190.94,82.74,170,240.03,47.55,87.22,134.34,100.2,503.42,133.42,1707.13,279.76,411.7,198.32,468.42,1049.46,3
263.59,91.73,162.73,72.63,150.68,269.69,120.02,182.13,113.86,88.71,223.52,73.13,1278.05,263.12,270.97,152.1,326.69,749.11,3
122.03,46.32,79.95,44.13,111.27,165.91,24.93,31.27,56.21,68.95,268.49,77.09,416.46,257.92,226.39,112.6,327.55,765.6,3
380.74,153.49,231.39,167.32,258.09,242.86,39.43,59.79,124.82,79.52,308.09,97.84,332.71,167.44,171.32,85.71,234.21,489.98,3
316.31,129.87,212.58,186.63,554.82,453.24,63.78,120.69,160.54,89.17,473.88,143.3,1134.64,312,309.43,153.78,384.59,836.27,3
346.57,100.81,199.41,58.84,190.09,285.22,26.67,35.66,72.41,65.73,267.82,76.1,269.61,179.92,212.41,102.52,279.15,631.32,3
296.78,99.9,216.34,51.48,119,282.39,22.61,30.17,52.4,63.89,249.7,70.17,377.45,218.4,242.13,126.89,371.63,830.38,3
1241.8,222.51,329.21,100.21,154.55,247.09,31.89,49.37,74.32,64.81,445.69,121.56,766.37,287.04,347.89,190.76,582.5,1420.48,3
414.91,157.12,356.49,140.66,367.05,539.37,31.31,44.98,68.12,65.73,497.38,140.34,301.73,222.56,252.61,128.57,397.55,954.05,3
1311.11,290.62,650.9,139.74,323,687.63,69,98.19,143.39,95.15,400.72,119.58,806.53,353.6,310.31,165.55,448.54,1087.15,3
734.14,188.91,417.63,97.45,263.5,354.4,83.49,150.31,146.25,79.06,268.49,88.95,653.94,212.16,226.39,114.29,279.15,631.32,3
449.08,143.5,301,95.61,209.41,361.46,37.11,53.76,76.7,80.44,567.18,152.2,759.49,380.64,411.7,215.13,658.56,1574.78,3
661.9,155.3,322.63,87.34,182.36,386.17,33.63,54.31,94.33,84.57,421.53,118.59,705.57,366.08,369.74,194.12,554.85,1318.01,3
604.3,165.29,268.07,90.1,159.18,267.57,28.41,40.59,57.17,50.1,273.19,83.02,1310.18,414.96,407.33,235.29,600.65,1468.77,3
1013.35,187.09,412.93,97.45,204.77,516.78,41.75,70.22,93.37,79.06,438.98,129.46,940.76,273.52,372.37,198.32,552.25,1320.36,3
555.49,193.45,360.25,122.27,265.82,443.36,42.91,77.35,108.14,79.06,314.13,93.89,1027.95,252.72,317.3,163.86,394.1,906.94,3
426.62,172.56,306.64,64.35,136,292.98,33.05,53.21,47.64,49.64,170.49,56.33,1108.26,302.64,351.39,211.76,493.49,1293.27,3
673.62,164.38,290.65,102.05,169.23,290.16,30.15,44.98,66.22,56.54,473.88,134.41,1038.27,399.36,429.18,231.93,774.37,1902.22,3
1230.08,212.52,430.8,108.48,205.55,452.54,31.31,56.5,91.47,62.97,408.1,127.49,1042.86,296.4,333.03,179.83,492.62,1164.89,3
903.04,187.09,295.35,83.66,143.73,288.75,18.55,25.23,41.92,38.15,267.82,84,689.51,298.48,329.54,183.19,520.28,1279.14,3
301.66,88.1,270.9,64.35,302.14,880.36,22.61,33.46,63.36,58.83,368.5,107.72,402.69,222.56,282.33,145.38,408.79,984.68,3
1091.45,204.35,317.93,111.24,162.27,231.56,37.11,71.86,92.9,69.41,499.39,140.34,1354.92,408.72,410.83,231.09,705.23,1738.5,3
601.37,178.01,314.16,113.08,183.14,271.8,39.43,66.38,80.51,75.38,391.99,110.69,2101.79,568.88,523.59,290.76,842.64,2004.69,3
317.28,96.27,195.65,74.47,183.14,222.39,33.63,44.98,91.47,67.57,246.34,79.06,189.3,198.64,163.46,83.19,237.67,560.65,3
251.87,98.99,176.83,80.9,139.09,168.02,27.25,35.11,66.7,70.32,287.96,89.93,237.48,222.56,193.18,95.8,278.29,658.41,3
473.48,142.59,307.58,80.9,238.77,345.23,31.31,45.53,105.28,82.28,259.09,80.05,546.1,347.36,224.64,115.97,318.04,762.06,3
257.73,77.2,132.63,44.13,91.18,229.45,22.03,26.88,44.78,62.05,226.87,67.2,348.77,282.88,249.12,135.29,395.83,983.5,3
396.36,101.72,189.06,63.43,102.77,207.56,26.67,35.66,59.07,61.59,369.84,98.83,298.29,280.8,238.63,136.13,473.61,1216.71,3
372.93,105.35,317.93,74.47,240.32,675.63,27.83,38.95,67.17,58.83,368.5,106.73,212.24,231.92,242.13,122.69,394.96,954.05,3
792.72,197.08,347.09,118.59,210.95,353.7,35.37,49.92,65.27,64.81,456.43,128.48,661.97,392.08,400.34,221.01,725.1,1773.83,3
1680.14,333.31,842.79,136.06,256.55,508.31,35.37,49.37,67.65,46.88,267.15,95.86,642.47,215.28,232.51,125.21,289.52,640.75,3
721.45,203.44,378.13,75.39,201.68,285.92,28.41,47.73,96.23,71.24,267.15,86.97,383.19,152.88,183.56,95.8,248.04,578.32,3
647.26,196.17,396,97.45,215.59,321.93,26.09,42.24,92.42,65.73,251.71,82.03,536.92,206.96,206.29,110.08,277.42,661.95,3
220.63,107.17,187.18,59.76,111.27,156.73,26.67,34.56,46.21,51.94,163.11,47.44,1744.99,625.04,422.19,265.55,658.56,1932.84,3
327.05,134.41,256.79,96.53,157.64,330.4,75.96,133.3,137.68,98.36,369.17,110.69,1856.27,579.28,452.78,258.82,667.2,1680.78,3
362.19,121.7,235.15,72.63,124.41,209.68,43.49,68.02,101.47,80.9,401.39,114.64,1235.6,472.16,456.28,253.78,754.49,1842.15,3
592.59,157.12,405.4,94.69,329.96,513.96,44.65,72.96,115.76,79.06,353.74,106.73,979.76,324.48,338.28,174.79,423.48,1038.86,3
444.2,121.7,322.63,57.92,166.91,396.76,63.78,100.94,105.76,76.3,224.86,70.17,533.48,197.6,204.54,115.13,253.22,630.15,3
1332.59,279.73,405.4,123.19,225.64,810.47,40.59,61.99,67.17,41.83,229.56,83.02,1003.86,343.2,335.65,194.12,384.59,963.48,3
1798.26,421.4,702.64,173.76,374.77,629.74,33.05,43.89,50.5,45.04,283.26,85.98,1050.89,401.44,396.84,228.57,618.8,1497.04,3
406.12,146.22,280.3,103.89,207.09,291.57,46.97,60.34,91.94,85.49,283.93,84,985.5,320.32,306.81,160.5,377.68,863.36,3
557.44,145.31,232.33,104.8,178.5,230.86,52.76,71.31,86.7,79.06,626.25,169.98,1110.55,427.44,507.85,271.43,826.22,2080.07,3
250.9,93.54,160.84,79.06,132.91,158.14,53.92,69.12,97.66,92.85,497.38,135.39,1242.49,465.92,415.2,202.52,594.6,1428.72,3
407.1,129.87,280.3,98.37,275.09,414.41,81.17,138.24,122.43,92.85,283.26,85.98,1389.34,287.04,312.05,163.02,348.29,787.98,3
688.26,201.62,376.24,125.95,221,389.7,64.36,108.07,125.29,98.36,514.16,138.36,1711.72,443.04,476.38,263.02,705.23,1626.6,3
566.23,167.11,288.77,100.21,190.86,297.22,41.75,68.02,69.08,63.89,487.31,129.46,2065.08,485.68,648.58,373.95,1069.94,2818.58,3
284.09,248.85,272.78,352.11,462.09,270.39,72.48,124.53,229.15,140.65,984.01,252.01,430.22,272.48,185.31,90.76,250.63,618.37,3
434.43,154.39,269.96,82.74,151.45,234.39,33.05,46.63,108.14,86.41,370.52,103.77,896.01,563.68,344.4,179.83,563.49,1292.09,3
125.94,69.02,119.46,52.4,106.64,154.61,68.42,84.48,116.24,92.85,156.4,49.41,1097.93,448.24,182.69,103.36,262.73,628.97,3
295.81,98.09,153.32,54.24,93.5,134.14,38.27,46.63,74.79,78.14,302.72,83.02,504.8,344.24,317.3,183.19,630.04,1587.73,3
456.89,143.5,268.07,82.74,159.95,292.28,60.88,102.58,102.42,74.46,171.83,52.38,1342.3,400.4,252.61,153.78,341.38,823.31,3
406.12,155.3,350.85,124.11,359.32,717.28,99.73,145.37,110.05,116.75,314.13,81.04,3278.88,944.32,530.58,310.08,865.98,1870.42,3
1822.67,279.73,570.01,94.69,163.05,444.06,26.67,42.24,81.46,57.91,363.8,110.69,715.89,292.24,313.8,168.91,484.84,1168.42,3
608.21,188.91,416.69,111.24,208.64,282.39,30.73,49.92,72.41,58.83,646.39,170.97,496.77,327.6,133.74,127.73,600.65,1928.13,3
747.81,170.74,394.12,70.79,183.91,489.95,23.19,37.85,75.27,59.75,302.05,90.92,572.48,256.88,283.21,150.42,426.07,994.1,3
207.94,81.74,132.63,85.5,224.86,276.75,81.75,127.82,108.62,80.9,200.02,63.25,1038.27,209.04,208.91,106.72,231.62,491.16,3
458.84,127.15,236.09,87.34,194.73,321.93,54.5,103.13,96.23,68.03,247.68,76.1,982.06,213.2,204.54,109.24,279.15,604.23,3
376.84,119.88,206.93,68.95,119,184.26,34.79,46.08,81.94,71.24,398.71,106.73,770.96,436.8,346.14,186.55,617.07,1477.02,3
252.85,99.9,199.41,60.68,135.23,247.09,57.4,76.25,101.95,82.28,263.79,75.11,634.44,274.56,252.61,128.57,357.8,838.62,3
850.32,257.02,473.13,171,289,374.17,52.18,72.41,87.66,72.16,575.91,155.16,2312.88,797.68,569.91,320.17,1114.88,2757.33,3
330.95,108.98,195.65,74.47,166.91,309.22,35.95,64.73,108.62,83.65,433.61,120.57,959.11,281.84,372.37,189.07,515.96,1201.4,3
329,100.81,220.1,70.79,140.64,144.02,31.89,44.43,51.45,54.24,484.62,127.49,1397.37,432.64,552.43,306.72,1063.02,2541.79,3
434.43,118.07,203.17,63.43,126.73,288.04,46.39,72.41,81.94,75.84,304.74,81.04,598.87,239.2,297.19,159.66,463.24,1093.04,3
907.92,219.78,447.73,103.89,255.77,589.5,23.77,35.66,38.11,41.37,207.41,64.24,1018.77,309.92,382.86,210.08,485.71,1121.31,3
555.49,151.67,336.74,69.87,187.77,377,24.93,37.85,46.21,45.96,245,73.13,583.96,165.36,284.96,150.42,378.54,864.54,3
419.79,130.78,221.04,79.98,139.86,259.1,94.51,128.37,83.85,86.41,229.56,71.16,1226.43,342.16,374.11,218.49,420.89,1024.72,3
