{"accuracy": 8, "auto_tune_backend": true, "auto_tune_target_transform": true, "benchmark_settings": null, "class_freq": null, "classification": true, "cols_imputation": [], "cols_to_drop": [], "cols_to_group_by": null, "config_dict_for_json": {"allow_config_overrides_in_expert_page": true, "user_config_directory": "", "vis_server_ip": "127.0.0.1", "vis_server_port": 12346, "procsy_ip": "127.0.0.1", "procsy_port": 12347, "h2o_ip": "127.0.0.1", "h2o_port": 12348, "enable_h2o_recipes": true, "h2o_recipes_url": "None", "h2o_recipes_ip": "None", "h2o_recipes_port": 50341, "h2o_recipes_name": "None", "h2o_recipes_nthreads": 4, "h2o_recipes_log_level": "None", "h2o_recipes_max_mem_size": "None", "h2o_recipes_min_mem_size": "None", "h2o_recipes_kwargs": {}, "ip": "127.0.0.1", "port": 12345, "max_file_upload_size": 104857600000, "log_level": 1, "collect_server_logs_in_experiment_logs": false, "redis_ip": "127.0.0.1", "redis_port": 6379, "enable_https": false, "ssl_key_file": "/etc/dai/private_key.pem", "ssl_crt_file": "/etc/dai/cert.pem", "ssl_no_sslv2": true, "ssl_no_sslv3": true, "ssl_no_tlsv1": true, "ssl_no_tlsv1_1": true, "ssl_no_tlsv1_2": false, "ssl_no_tlsv1_3": false, "data_directory": "./tmp", "data_upload_directory": "uploads", "recipes_temporary_data_directory": "recipe_tmp", "enable_quick_benchmark": true, "enable_extended_benchmark": false, "extended_benchmark_scale_num_rows": 0.1, "enable_startup_checks": true, "usage_stats_opt_in": false, "authentication_method": "local", "authentication_default_timeout_hours": 72, "auth_openid_provider_base_uri": "", "auth_openid_configuration_uri": "", "auth_openid_auth_uri": "", "auth_openid_token_uri": "", "auth_openid_userinfo_uri": "", "auth_openid_logout_uri": "", "auth_openid_redirect_uri": "", "auth_openid_grant_type": "", "auth_openid_response_type": "", "auth_openid_scope": "", "auth_openid_urlencode_quote_via": "quote", "auth_openid_access_token_expiry_key": "expires_in", "auth_openid_refresh_token_expiry_key": "refresh_expires_in", "auth_openid_token_expiration_secs": 3600, "auth_openid_use_objectpath_match": false, "auth_openid_use_objectpath_expression": "", "ldap_server": "", "ldap_port": "", "ldap_bind_dn": "", "ldap_tls_file": "", "ldap_use_ssl": false, "ldap_search_base": "", "ldap_search_filter": "", "ldap_search_attributes": "", "ldap_user_name_attribute": "", "ldap_recipe": "0", "ldap_user_prefix": "", "ldap_search_user_id": "", "ldap_search_password": "", "ldap_ou_dn": "", "ldap_dc": "", "ldap_base_dn": "", "ldap_base_filter": "", "supported_file_types": ["csv", "tsv", "txt", "dat", "tgz", "gz", "bz2", "zip", "xz", "xls", "xlsx", "jay", "feather", "bin", "arff", "parquet", "pkl"], "recipe_supported_file_types": ["py", "pyc"], "list_files_without_extensions": false, "enabled_file_systems": ["upload", "file", "hdfs", "s3", "recipe_file", "recipe_url"], "max_files_listed": 100, "master_minio_address": "<URL>:<PORT>", "allow_localstorage": true, "allow_orig_cols_in_predictions": true, "max_runtime_minutes": 1440, "max_runtime_minutes_until_abort": 10080, "recipe": "auto", "feature_engineering_effort": 5, "check_distribution_shift": "auto", "check_distribution_shift_drop": "auto", "drop_features_distribution_shift_threshold_auc": 0.999, "check_leakage": "auto", "drop_features_leakage_threshold_auc": 0.999, "leakage_max_data_size": 10000000, "make_python_scoring_pipeline": "auto", "make_mojo_scoring_pipeline": "auto", "benchmark_mojo_latency": "auto", "benchmark_mojo_latency_auto_size_limit": 100, "mojo_building_timeout": 1800.0, "mojo_building_parallelism": -1, "make_pipeline_visualization": "auto", "make_autoreport": true, "max_cores": 0, "max_cores_dai": -1, "stall_subprocess_submission_dai_fork_threshold_count": 0, "stall_subprocess_submission_mem_threshold_pct": 2, "max_cores_by_physical": true, "max_cores_limit": 100, "max_fit_cores": 10, "max_predict_cores": 0, "max_predict_cores_in_dai": 4, "batch_cpu_tuning_max_workers": 0, "cpu_max_workers": 0, "num_gpus_per_experiment": 1, "min_num_cores_per_gpu": 4, "num_gpus_per_model": 1, "num_gpus_for_prediction": 0, "assumed_simultaneous_dt_forks_munging": 3, "assumed_simultaneous_dt_forks_stats_openblas": 3, "max_max_dt_threads_munging": 4, "max_max_dt_threads_stats_openblas": 4, "max_max_dt_threads_readwrite": 4, "min_dt_threads_munging": 1, "min_dt_threads_final_munging": 1, "max_dt_threads_munging": -1, "max_dt_threads_readwrite": -1, "max_dt_threads_stats_openblas": -1, "max_dt_threads_do_timeseries_split_suggestion": 1, "munging_report_period": 10, "working_munging_report_period": 120, "training_report_period": 10, "working_training_report_period": 60, "gpu_id_start": 0, "max_workers": 1, "ping_period": 60, "ping_sleep_period": 1, "disk_limit_gb": 5, "stall_disk_limit_gb": 1, "memory_limit_gb": 5, "min_num_rows": 100, "min_rows_per_class": 5, "min_rows_per_split": 5, "data_precision": "float32", "transformer_precision": "float32", "ulimit_up_to_hard_limit": true, "limit_nofile": 65535, "limit_nproc": 16384, "reproducibility_level": 1, "seed": 1234, "missing_values": ["", "?", "None", "nan", "NA", "N/A", "unknown", "inf", "-inf", "1.7976931348623157e+308", "-1.7976931348623157e+308"], "tf_nan_impute_value": -5, "statistical_threshold_data_size_small": 100000, "statistical_threshold_data_size_large": 500000000, "aux_threshold_data_size_large": 10000000, "performance_threshold_data_size_small": 100000, "performance_threshold_data_size_large": 100000000, "max_cols": 10000, "max_rows_col_stats": 1000000, "orig_features_fs_report": false, "max_rows_fs": 1000000, "max_workers_fs": 0, "max_orig_cols_selected": 10000, "max_orig_numeric_cols_selected": 10000, "max_orig_nonnumeric_cols_selected": 300, "max_orig_cols_selected_simple_factor": 2, "fs_orig_cols_selected": 500, "fs_orig_numeric_cols_selected": 500, "fs_orig_nonnumeric_cols_selected": 200, "fs_orig_cols_selected_simple_factor": 2, "max_relative_cardinality": 0.95, "max_absolute_cardinality": 1000000, "num_as_cat": true, "max_int_as_cat_uniques": 50, "num_folds": 3, "allow_different_classes_across_fold_splits": true, "full_cv_accuracy_switch": 8, "ensemble_accuracy_switch": 5, "num_ensemble_folds": 5, "fold_reps": 1, "max_num_classes": 200, "num_actuals_vs_predicted": 100, "feature_brain_level": 2, "brain_maximum_diff_score": 0.1, "max_num_brain_indivs": 3, "feature_brain_save_every_iteration": 0, "which_iteration_brain": -1, "brain_rel_dir": "H2O.ai_brain", "brain_max_size_GB": 20, "brain_add_features_for_new_columns": true, "early_stopping": true, "early_stopping_per_individual": true, "min_dai_iterations": 0, "nfeatures_max": -1, "ngenes_max": -1, "tensorflow_max_epochs_nlp": 2, "enable_tensorflow_nlp_accuracy_switch": 5, "enable_tensorflow_textcnn": "auto", "enable_tensorflow_textbigru": "auto", "enable_tensorflow_charcnn": "auto", "tensorflow_nlp_pretrained_embeddings_file_path": "", "tensorflow_nlp_pretrained_embeddings_trainable": false, "tensorflow_nlp_have_gpus_in_production": false, "text_fraction_for_text_dominated_problem": 0.3, "text_transformer_fraction_for_text_dominated_problem": 0.3, "string_col_as_text_threshold": 0.3, "string_col_as_text_min_relative_cardinality": 0.1, "string_col_as_text_min_absolute_cardinality": 100, "monotonicity_constraints_interpretability_switch": 7, "monotonicity_constraints_correlation_threshold": 0.1, "default_max_feature_interaction_depth": 8, "max_feature_interaction_depth": -1, "fixed_feature_interaction_depth": 0, "fixed_feature_interaction_depth_numcat_cat": 0, "fixed_feature_interaction_depth_many_inputs_generates_not_useful": 0, "tune_parameters_accuracy_switch": 3, "tune_target_transform_accuracy_switch": 3, "target_transformer": "auto", "tournament_style": "auto", "tournament_uniform_style_interpretability_switch": 6, "tournament_uniform_style_accuracy_switch": 6, "tournament_model_style_accuracy_switch": 6, "tournament_feature_style_accuracy_switch": 7, "tournament_fullstack_style_accuracy_switch": 8, "tournament_use_feature_penalized_score": true, "num_individuals": 2, "fixed_num_individuals": 0, "fixed_fold_reps": 0, "fixed_only_first_fold_model": false, "sanitize_natural_sort_limit": 1000, "enable_target_encoding": "auto", "enable_lexilabel_encoding": "off", "enable_isolation_forest": "off", "enable_one_hot_encoding": "auto", "isolation_forest_nestimators": 200, "included_transformers": ["CVCatNumEncodeTransformer", "CVTargetEncodeTransformer", "CatOriginalTransformer", "CatTransformer", "ClusterDistTransformer", "ClusterTETransformer", "DateOriginalTransformer", "DateTimeOriginalTransformer", "DatesTransformer", "EwmaLagsTransformer", "FrequentTransformer", "InteractionsTransformer", "IsHolidayTransformer", "IsolationForestAnomalyNumCatAllColsTransformer", "IsolationForestAnomalyNumCatTransformer", "IsolationForestAnomalyNumericTransformer", "LagsAggregatesTransformer", "LagsInteractionTransformer", "LagsTransformer", "LexiLabelEncoderTransformer", "NumCatTETransformer", "NumToCatTETransformer", "NumToCatWoEMonotonicTransformer", "NumToCatWoETransformer", "OneHotEncodingTransformer", "OriginalTransformer", "RawTransformer", "TextBiGRUTransformer", "TextCNNTransformer", "TextCharCNNTransformer", "TextLinModelTransformer", "TextTransformer", "TruncSVDNumTransformer", "WeightOfEvidenceTransformer"], "excluded_transformers": [], "included_genes": [], "excluded_genes": [], "included_models": ["DECISIONTREE", "FTRL", "GLM", "IMBALANCEDLIGHTGBM", "IMBALANCEDXGBOOSTGBM", "LIGHTGBM", "RULEFIT", "TENSORFLOW", "XGBOOSTDART", "XGBOOSTGBM"], "excluded_models": [], "included_scorers": ["ACCURACY", "AUC", "AUCPR", "F05", "F1", "F2", "GINI", "LOGLOSS", "MACROAUC", "MAE", "MAPE", "MCC", "MER", "MSE", "R2", "RMSE", "RMSLE", "RMSPE", "SMAPE"], "excluded_scorers": [], "enable_xgboost_gbm": "auto", "enable_xgboost_dart": "auto", "xgboost_threshold_data_size_large": 100000000, "xgboost_gpu_threshold_data_size_large": 30000000, "enable_glm": "auto", "enable_decision_tree": "auto", "enable_lightgbm": "auto", "enable_tensorflow": "auto", "enable_ftrl": "auto", "enable_rulefit": "auto", "enable_lightgbm_boosting_types": ["gbdt"], "enable_lightgbm_cat_support": false, "params_lightgbm": {}, "params_xgboost": {}, "params_dart": {}, "params_tensorflow": {}, "params_gblinear": {}, "params_decision_tree": {}, "params_rulefit": {}, "params_ftrl": {}, "params_tune_lightgbm": {}, "params_tune_xgboost": {}, "params_tune_dart": {}, "params_tune_tensorflow": {}, "params_tune_gblinear": {}, "params_tune_rulefit": {}, "params_tune_ftrl": {}, "params_tune_grow_policy_simple_trees": true, "max_nestimators": 3000, "n_estimators_list_no_early_stopping": "50,100,200,300", "min_learning_rate_final": 0.01, "max_learning_rate_final": 0.05, "max_nestimators_feature_evolution_factor": 0.2, "min_learning_rate": 0.05, "max_learning_rate": 0.5, "max_epochs": 10, "max_max_depth": 12, "default_max_bin": 256, "default_lightgbm_max_bin": 64, "max_max_bin": 256, "min_max_bin": 32, "scale_mem_for_max_bin": 10737418240, "factor_rf": 1.25, "tensorflow_use_all_cores": true, "tensorflow_use_all_cores_even_if_reproducible_true": false, "tensorflow_cores": 0, "rulefit_max_num_rules": -1, "rulefit_max_tree_depth": 6, "rulefit_max_num_trees": 100, "rulefit_threshold_data_size_large": 100000000, "one_hot_encoding_cardinality_threshold": 50, "one_hot_encoding_cardinality_limiter": true, "fixed_ensemble_level": -1, "cross_validate_single_final_model": true, "parameter_tuning_num_models": -1, "validate_meta_learner": false, "fixed_num_folds_evolution": -1, "fixed_num_folds": -1, "num_fold_ids_show": 10, "feature_evolution_data_size": 100000000, "final_pipeline_data_size": 500000000, "max_validation_to_training_size_ratio_for_final_ensemble": 2.0, "imbalance_sampling_method": "off", "imbalance_ratio_sampling_threshold": 5, "heavy_imbalance_ratio_sampling_threshold": 25, "imbalance_sampling_number_of_bags": -1, "imbalance_sampling_max_number_of_bags": 10, "imbalance_sampling_max_number_of_bags_feature_evolution": 3, "imbalance_sampling_max_multiple_data_size": 1.0, "imbalance_sampling_rank_averaging": "auto", "imbalance_sampling_target_minority_fraction": -1.0, "imbalance_ratio_notification_threshold": 2.0, "nbins_ftrl_list": [1000000, 10000000, 100000000], "ftrl_max_interaction_terms_per_degree": 10000, "te_bin_list": [25, 10, 100, 250], "woe_bin_list": [25, 10, 100, 250], "ohe_bin_list": [10, 25, 50, 75, 100], "drop_constant_columns": true, "drop_id_columns": true, "no_drop_features": false, "cols_to_drop": "", "cols_to_group_by": "", "sample_cols_to_group_by": false, "agg_funcs_for_group_by": ["mean", "sd", "min", "max", "count"], "folds_for_group_by": 5, "mutation_mode": "sample", "shift_check_text": false, "use_rf_for_shift_if_have_lgbm": true, "shift_key_features_varimp": 0.01, "shift_check_reduced_features": true, "shift_trees": 100, "shift_max_bin": 256, "shift_min_max_depth": 4, "shift_max_max_depth": 8, "detect_features_distribution_shift_threshold_auc": 0.55, "drop_features_distribution_shift_min_features": 1, "leakage_check_text": true, "leakage_key_features_varimp": 0.001, "leakage_key_features_varimp_if_no_early_stopping": 0.05, "leakage_check_reduced_features": true, "use_rf_for_leakage_if_have_lgbm": true, "leakage_trees": 100, "leakage_max_bin": 256, "leakage_min_max_depth": 4, "leakage_max_max_depth": 8, "detect_features_leakage_threshold_auc": 0.95, "detect_features_per_feature_leakage_threshold_auc": 0.8, "drop_features_leakage_min_features": 1, "leakage_train_test_split": 0.25, "detailed_traces": false, "debug_log": false, "log_system_info_per_experiment": true, "max_debug_description_length": 1000, "abs_tol_for_perfect_score": 0.0001, "data_ingest_timeout": 86400.0, "time_series_recipe": true, "time_series_validation_fold_split_datetime_boundaries": "", "timeseries_split_suggestion_timeout": 30.0, "use_lags_if_not_time_series_recipe": false, "min_ymd_timestamp": 19000101, "max_ymd_timestamp": 21000101, "max_rows_datetime_format_detection": 100000, "holiday_features": true, "holiday_country": "US", "max_time_series_properties_sample_size": 250000, "max_lag_sizes": -1, "min_lag_autocorrelation": 0.1, "max_signal_lag_sizes": 100, "sample_lag_sizes": false, "max_sampled_lag_sizes": 10, "override_lag_sizes": "", "min_lag_size": -1, "allow_time_column_as_feature": true, "allow_time_column_as_numeric_feature": false, "datetime_funcs": ["year", "quarter", "month", "week", "weekday", "day", "dayofyear", "hour", "minute", "second"], "allow_tgc_as_features": false, "allowed_coltypes_for_tgc_as_features": ["numeric", "categorical", "ohe_categorical", "datetime", "date", "text"], "enable_time_unaware_transformers": "auto", "tgc_only_use_all_groups": true, "time_series_holdout_preds": true, "time_series_validation_splits": -1, "time_series_splits_max_overlap": 0.5, "time_series_max_holdout_splits": -1, "mli_ts_fast_approx": false, "mli_ts_fast_approx_contribs": true, "mli_ts_holdout_contribs": true, "time_series_min_interpretability": 5, "lags_dropout": "dependent", "prob_lag_non_targets": 0.1, "rolling_test_method": "tta", "prob_default_lags": 0.2, "prob_lagsinteraction": 0.2, "prob_lagsaggregates": 0.2, "tgc_via_ui_max_ncols": 10, "tgc_dup_tolerance": 0.01, "mli_use_mojo_pipeline": false, "mli_sample_above_for_scoring": 1000000, "mli_sample_above_for_training": 100000, "mli_sample_size": 100000, "mli_num_quantiles": 10, "mli_drf_num_trees": 100, "mli_fast_approx": true, "fast_approx_num_trees": 50, "fast_approx_do_one_fold_one_model": true, "mli_drf_max_depth": 20, "mli_sample_training": true, "klime_lambda": [1e-06, 1e-08], "klime_alpha": 0.0, "mli_max_numeric_enum_cardinality": 25, "mli_max_number_cluster_vars": 6, "use_all_columns_klime_kmeans": false, "mli_strict_version_check": true, "mli_cloud_name": "", "mli_ice_per_bin_strategy": false, "mli_dia_default_max_cardinality": 10, "enable_mli_sa": true, "enable_mli_async_api": true, "enable_mli_sa_main_chart_aggregator": true, "mli_sa_sampling_limit": 500000, "mli_sa_main_chart_aggregator_limit": 1000, "mli_predict_safe": false, "enable_mli_predict_fast_approx": false, "mli_max_surrogate_retries": 5, "mli_mojo_batch_size": 50, "mli_nlp_tokenizer": "tfidf", "mli_nlp_top_n": 20, "mli_nlp_sample_limit": 10000, "mli_nlp_workers": 4, "mli_nlp_min_df": 3, "mli_nlp_max_df": 0.9, "mli_nlp_min_ngram": 1, "mli_nlp_max_ngram": 1, "mli_nlp_min_token_mode": "top", "mli_nlp_tokenizer_max_features": -1, "mli_nlp_loco_max_features": -1, "mli_nlp_surrogate_tokens": 100, "mli_batch_size": 10000, "mli_dt_nthreads": 4, "dump_varimp_every_scored_indiv": false, "dump_modelparams_every_scored_indiv": true, "dump_modelparams_every_scored_indiv_feature_count": 3, "dump_modelparams_separate_files": false, "dump_trans_timings": false, "delete_preview_trans_timings": true, "autodoc_template": "report_template.docx", "autodoc_output_type": "docx", "autodoc_report_name": "report", "autodoc_max_cm_size": 10, "autodoc_coef_table_num_models": 1, "autodoc_coef_table_num_folds": -1, "autodoc_coef_table_num_coef": 50, "autodoc_coef_table_num_classes": 9, "autodoc_coef_table_appendix_results_table": false, "autodoc_min_relative_importance": 0.003, "autodoc_num_features": 50, "autodoc_num_rows": 0, "autodoc_pd_max_runtime": 20, "autodoc_out_of_range": 3, "autodoc_data_summary_col_num": -1, "autodoc_prediction_stats": false, "autodoc_prediction_stats_n_quantiles": 20, "autodoc_population_stability_index": false, "autodoc_population_stability_index_n_quantiles": 10, "autodoc_include_permutation_feature_importance": false, "autodoc_feature_importance_scorer": "", "autodoc_feature_importance_num_perm": 1, "autodoc_response_rate": false, "autodoc_response_rate_n_quantiles": 10, "autodoc_global_klime_num_features": 10, "autodoc_global_klime_num_tables": 1, "autodoc_gini_plot": false, "autodoc_list_all_config_settings": false, "compute_correlation": false, "produce_correlation_heatmap": false, "high_correlation_value_to_report": 0.95, "preview_cache_upon_server_exit": true, "core_site_xml_path": "", "hdfs_config_path": "", "key_tab_path": "", "file_hide_data_directory": true, "file_path_filtering_enabled": false, "file_path_filter_include": [], "hdfs_auth_type": "noauth", "hdfs_app_principal_user": "", "hdfs_app_login_user": "", "hdfs_app_jvm_args": "", "hdfs_app_classpath": "", "hdfs_app_supported_schemes": ["hdfs://", "maprfs://", "swift://"], "hdfs_max_files_listed": 100, "dtap_auth_type": "noauth", "dtap_config_path": "", "dtap_key_tab_path": "", "dtap_app_principal_user": "", "dtap_app_login_user": "", "dtap_app_jvm_args": "", "dtap_app_classpath": "", "aws_role_arn": "", "aws_default_region": "", "aws_s3_endpoint_url": "", "aws_use_ec2_role_credentials": false, "s3_init_path": "s3://", "kdb_hostname": "", "kdb_port": "", "kdb_app_classpath": "", "kdb_app_jvm_args": "", "azure_connection_string": "", "jdbc_app_configs": "{}", "jdbc_app_jvm_args": "-Xmx4g", "jdbc_app_classpath": "", "listeners_experiment_start": "", "listeners_experiment_done": "", "h2o_storage_address": "", "h2o_storage_tls_enabled": true, "h2o_storage_tls_ca_path": "", "h2o_storage_tls_cert_path": "", "h2o_storage_tls_key_path": "", "h2o_storage_internal_default_project_id": "", "deployment_aws_bucket_name": "", "allow_form_autocomplete": true, "enable_projects": true, "enable_custom_recipes": true, "enable_custom_recipes_upload": true, "include_custom_recipes_by_default": false, "app_language": "en", "show_developer_settings": false, "enable_benchmark_each_experiment": false, "datatable_verbose_log": false, "datatable_show_progress": false, "datatable_allow_interruption": false, "datatable_fread_anonymize": true, "datatable_strategy": "auto", "gpu_locking_type": "global", "gpu_lock_data_size": 150000000, "gpu_lock_safety_factor": 3, "gpu_lock_delay": 10.0, "gpu_lock_min_delay": 0.0, "tensorflow_allow_cpu_only": false, "final_vs_ga_progress_factor": 5, "debug": false, "debug_print": false, "debug_print_server": false, "ping_period_debug": 20, "hard_asserts": false, "check_1_vs_N": false, "check_pred_contribs_sum": true, "enable_funnel": true, "clean_funnel": true, "quiet_funnel": false, "dummy": 0, "debug_ga": false, "debug_indiv": false, "uniquify_indiv": true, "debug_daimodel_level": 0, "debug_pipeline_pickles": false, "brain_food_full": false, "memory_ref": 137438953472, "rows_ref": 2000000, "memory_score_factor_ref": 0.2, "use_dummy_pool": false, "use_dummy_pool_onetask": false, "use_dummy_pool_detect_types": false, "use_dummy_pool_capture_schema": false, "use_dummy_pool_fs": false, "use_dummy_pool_dl2": false, "use_dummy_pool_munging": false, "use_dummy_pool_training": false, "use_dummy_pool_xgb_fit": false, "use_dummy_pool_lgbm_fit": false, "use_dummy_pool_predict": false, "use_dummy_pool_score": false, "use_dummy_pool_final_munging": false, "use_dummy_pool_final_training": false, "use_dummy_pool_final_predict": false, "use_dummy_pool_mojo": false, "use_global_isolation_pool": false, "datatable_is_leaking": true, "stalled_time_nrows_ref": 1000000, "stalled_time_nrowscols_ref": 10000000, "stalled_time_ref": 240.0, "stalled_time_min": 120.0, "stalled_time_kill_ref": 440.0, "stalled_pool_cpu_percent_threshold_kill": 5.0, "stalled_pool_gpu_percent_threshold_kill": 5.0, "cpu_percent_check_period_stalled": 0.3, "cpu_percent_per_experiment_check_period_logging": 0.1, "cpu_gpu_stall_max_count": 10, "cpu_stall_max_factor_interval": 20, "num_cpu_sockets": 1, "autodl_stall_sigusr1": true, "lightgbm_import_stall_trials": 3, "lightgbm_import_stall_timeout": 30, "task_trials": 2, "reap_trials": 3, "stats_trials": 5, "pool_mark": "_", "acquire_mark": "+", "task_sync_mark": "*", "ping_mark": "_ping_", "pool_wait_mark": "|", "pool_submit_mark": "=", "pool_busy_mark": "#", "task_sync_key_length": 6, "xgb_in_subprocess": true, "enable_preview_time_estimate": true, "enable_preview_time_estimate_rough": true, "show_inapplicable_models_preview": false, "show_inapplicable_transformers_preview": false, "xgb_memory_pickled_estimate": false, "debug_h2o4gpu_level": 0, "enable_h2o4gpu_kmeans": false, "enable_h2o4gpu_truncatedsvd": false, "xgboost_direct_datatable": false, "interaction_finder_max_rows_x_cols": 200000.0, "interaction_finder_search_limit": 20, "interaction_finder_return_limit": 5, "interaction_finder_gini_rel_improvement_threshold": 0.5, "interaction_finder_corr_threshold": 0.95, "interaction_finder_max_pairwise_interactions": 100, "enable_bootstrap": true, "min_bootstrap_samples": 1, "max_bootstrap_samples": 100, "min_bootstrap_sample_size_factor": 1.0, "max_bootstrap_sample_size_factor": 10.0, "bootstrap_final_seed": -1, "server_proctitle": "h2oai-DriverlessAI", "server_fork_proctitle": "h2oai-DAI-fork", "server_db_checkpoint_period": 10, "server_wal_mode": true, "server_wal_db_checkpoint_period": 360, "server_timeout_flush_rpc": 10.0, "server_timeout_flush_rpc_min": 10.0, "server_timeout_flush_rpc_max": 120.0, "enable_gpu_usage_in_gui": true, "ping_check_period_memory": 5, "ping_check_period_usage": 5, "ping_check_period_files": 60, "ping_check_server_health": true, "ping_check_period_server_health": 1.0, "ping_check_period_server_exists": 10.0, "ping_check_period_server_health_hard_assert_limit": 60.0, "ping_check_server_health_debug_duration_always_print": false, "ping_check_period_server_health_info_logger": true, "server_health_sigusr1": false, "server_runtime_metrics": false, "ping_check_period": 5, "gpu_small_data_size": 100000, "max_rows_tuning": 1000, "benford_mad_threshold_int": 0.03, "benford_mad_threshold_real": 0.1, "stop_early_rel_std": 0.1, "stop_early_abs_std": 0.001, "varimp_threshold_at_interpretability_10": 0.05, "lowest_nonzero_varimp": 1e-30, "features_allowed_by_interpretability": "{1: 10000000, 2: 10000, 3: 1000, 4: 500, 5: 300, 6: 200, 7: 150, 8: 100, 9: 80, 10: 50, 11: 50, 12: 50, 13: 50}", "nfeatures_max_threshold": 200, "rdelta_percent_score_penalty_per_feature_by_interpretability": "{1: 0, 2: 0.1, 3: 0.2, 4: 0.3, 5: 0.5, 6: 0.6, 7: 0.7, 8: 0.8, 9: 0.9, 10: 1, 11: 1, 12: 1, 13: 1}", "drop_low_meta_weights": true, "meta_weight_allowed_by_interpretability": "{1: 1E-30, 2: 1E-5, 3: 1E-4, 4: 1E-3, 5: 1E-2, 6: 0.03, 7: 0.05, 8: 0.08, 9: 0.10, 10: 0.15, 11: 0.15, 12: 0.15, 13: 0.15}", "feature_cost_mean_interp_for_penalty": 5, "features_cost_per_interp": 0.25, "varimp_threshold_shift_report": 0.3, "apply_featuregene_limits_after_tuning": true, "remove_scored_0gain_genes_in_postprocessing_above_interpretability": 13, "remove_scored_0gain_genes_in_postprocessing_above_interpretability_final_population": 7, "merge_dup_raw_features": true, "fs_interpretabilty_switch": 6, "fs_prune_by_genes": false, "varimp_fspermute_factor": 1.0, "ngenes_min": -1, "nfeatures_min": -1, "features_per_gene": 1, "nfeatures_max_factor": 1.0, "use_unit_pool_protection": true, "always_use_unit_pool_protection": false, "trigger_subprocess_catch_rows_times_columns": 10000000, "strict_gpu_non_overlap": false, "round_up_indivs_for_busy_gpus": true, "terminate_train_backend_tuning": true, "terminate_train_tuning": true, "terminate_train_feature_evolution": true, "reduce_by_genes": false, "keep_fraction_default": 1.0, "reduce_randomly": false, "reduce_by_fraction": 0.1, "reduce_count_max": 10, "preserve_oom_reduced_features": true, "preserve_varimp_reduced_features": false, "preserve_reduced_features_for_final_model": true, "mutation_rate": -1, "extra_mutation_level": -1, "tuning_share_varimp_accuracy_switch": 5, "tuning_share_varimp": "best", "fresh_indiv_accuracy_switch": 7, "enable_tensorflow_import": true, "detailed_tensorflow_import_error": false, "enable_lightgbm_import": true, "check_clinfo_timeout": 30, "check_java_timeout": 30, "prob_add_genes": 0.5, "prob_addbest_genes": 0.5, "prob_prune_genes": 0.5, "prob_perturb_xgb": 0.25, "prob_prune_by_features": 0.25, "perturb_xgb_depth_random": false, "perturb_xgb_depth_min": 3, "perturb_xgb_depth_max": 10, "explore_more_unused_genes": true, "explore_gene_anneal": true, "explore_prob0": 0.5, "explore_anneal_factor": 0.9, "explore_prob_lowest": 0.1, "explore_grow_anneal": true, "grow_prob0": 0.8, "grow_anneal_factor": 0.5, "grow_prob_lowest": 0.05, "grow_proboff": 0.5, "prob_tune_model_vs_features": 0.5, "max_absolute_feature_expansion": 1000, "explore_model_anneal": true, "explore_model_prob0": 0.5, "explore_model_anneal_factor": 0.9, "explore_model_prob_lowest": 0.1, "xgboost_interpretability_switch": 10, "xgboost_accuracy_switch": 1, "booster_for_fs_permute": "lightgbm", "model_class_name_for_fs_permute": "LightGBMModel", "default_booster": "lightgbm", "default_model_class_name": "LightGBMModel", "threshold_data_size_large_to_use_cpu_for_fs": 100000000, "lightgbm_interpretability_switch": 10, "lightgbm_accuracy_switch": 1, "decision_tree_interpretability_switch": 7, "decision_tree_accuracy_switch": 7, "tensorflow_interpretability_switch": 6, "tensorflow_accuracy_switch": 5, "tensorflow_num_classes_switch": 10, "tensorflow_num_classes_switch_but_keep_lightgbm": 15, "textlin_num_classes_switch": 5, "text_gene_dim_reduction_choices": [50], "text_gene_max_ngram": [1, 2, 3], "glm_do_lambda_search": true, "glm_do_lambda_search_by_eval_metric": false, "glm_lambda_early_stopping_rounds": 4, "gbm_early_stopping_rounds_min": 1, "glm_optimal_refit": true, "glm_interpretability_switch": 6, "glm_accuracy_switch": 5, "fixup_nanpreds": true, "fixup_infX": true, "rulefit_interpretability_switch": 1, "rulefit_accuracy_switch": 8, "enable_cache_final_pipeline": false, "top_pid": -1, "golden_fatal": false, "notification_url": "https://s3.amazonaws.com/ai.h2o.notifications/dai_notifications_prod.json", "ping_run_type": "fork", "lock_logs": true, "max_num_varimp_to_log": 10, "max_num_varimp_shift_to_log": 10, "lock_logs_server": false, "debug_feature_cache_files": false, "debug_final_feature_cache_files": false, "generate_fresh_logger_every_log": true, "final_munging_memory_reduction_factor": 2, "munging_memory_overhead_factor": 5, "munging_memory_available": 0, "munging_max_workers_verbose": false, "prob_segfault_ga_pipeline": 0.0, "prob_segfault_ga_model": 0.0, "prob_segfault_final_pipeline": 0.0, "prob_segfault_final_model": 0.0, "prob_segfault_lightgbm": 0.0, "prob_segfault_xgboost": 0.0, "prob_segfault_gblinear": 0.0, "prob_segfault_tensorflow": 0.0, "prob_segfault_rulefit": 0.0, "prob_stall_ga_pipeline": 0.0, "prob_stall_fitmodel": 0.0, "prob_stall_final_pipeline": 0.0, "prob_stall_kill_ga_pipeline": 0.0, "prob_stall_kill_fitmodel": 0.0, "prob_stall_kill_final_pipeline": 0.0, "prob_finish_early": 0.0, "prob_abort_early": 0.0, "stall_subprocess_submission_cpu_threshold_pct": 100, "stall_subprocess_submission_dai_fork_threshold_pct": -1.0, "stall_subprocess_submission_experiment_fork_threshold_pct": -1.0, "stall_by_memory": true, "stall_by_cores": true, "stall_by_disk": true, "restrict_initpool_by_memory": true, "restrict_initpool_by_cores": false, "base_fork_count": 2, "experiment_nice_level": 100, "random_control": false, "dill_for_model": false, "gzip_for_model": true, "bzip_for_model": false, "compression_level_for_model": 5, "check_nvidia_smi_during_experiment": false, "small_pool_sleeptouse": 0.005, "large_pool_sleeptouse": 0.01, "onetask_sleeptouse": 0.01, "onetask_fast_sleeptouse": 0.0001, "pool_default_sleeptouse": 0.001, "trace_detect_types": false, "trace_fit_transform": false, "trace_final_fit_transform": false, "trace_final_transform": false, "terminate_experiment_if_server_lost": false, "show_all_filesystems": false, "use_uuids": true, "resumed_experiment_id": "", "experiment_id": "d92382dc-5233-11ea-aeb5-0242ac110002", "experiment_tmp_dir": "./tmp/h2oai_experiment_d92382dc-5233-11ea-aeb5-0242ac110002", "reproducible": false, "fast_import": false, "server_recipe_url": "", "num_rows_acceptance_test_custom_transformer": 200, "num_rows_acceptance_test_custom_model": 100, "recipe_dict": {}, "enable_custom_transformers": true, "enable_custom_models": true, "enable_custom_scorers": true, "enable_custom_datas": true, "recipe_load_raise_on_first_error": false, "recipe_load_raise_on_first_error_but_keep_accepted_recipes": false, "recipe_load_raise_on_any_error": true, "version_old_custom": false, "version_old_custom_by_filename": false, "write_recipes_to_experiment_folder": true, "write_recipes_to_experiment_logger": false, "contrib_relative_directory": "contrib", "contrib_env_relative_directory": "contrib/env", "pip_install_overall_retries": 2, "pip_install_verbosity": 2, "pip_install_timeout": 15, "pip_install_retries": 5, "pip_install_options": "", "enable_basic_acceptance_tests": true, "enable_acceptance_tests": true, "acceptance_test_timeout": 20.0, "acceptance_tests_max_number_of_parameter_combinations": 20, "contrib_reload_and_recheck_server_start": false, "recipe_test_import_after_load_package": false, "data_recipe_preview_num_rows": 20, "debug_custom": false, "allow_any_call_to_skip_failures": true, "skip_transformer_failures": true, "skip_model_failures": true, "detailed_skip_failure_messages_level": 1, "config_overrides": "", "protect_base_env": false, "check_cuda_context_testing": false, "test_scoring_simple": true, "enable_dataset_downloading": true, "extra_http_headers": {}, "audit_log_retention_period": 5, "enable_advanced_features_experiment": false, "enable_imputation": false}, "config_num_gpus_per_experiment_backup": -1, "config_num_gpus_per_model_backup": 1, "config_overrides": "vis_server_port = 12346\nprocsy_port = 12347\nh2o_port = 12348\nmaster_redis_password = \"t1Oi8w3coZczF50428ABc6XCCsBvlU3O\"\ndata_directory = \"./tmp\"\nauthentication_method = \"local\"\nlocal_htpasswd_file = \"/config/htpasswd\"\nnum_gpus_per_experiment = 1\nincluded_transformers = [ \"CVCatNumEncodeTransformer\", \"CVTargetEncodeTransformer\", \"CatOriginalTransformer\", \"CatTransformer\", \"ClusterDistTransformer\", \"ClusterTETransformer\", \"DateOriginalTransformer\", \"DateTimeOriginalTransformer\", \"DatesTransformer\", \"EwmaLagsTransformer\", \"FrequentTransformer\", \"InteractionsTransformer\", \"IsHolidayTransformer\", \"IsolationForestAnomalyNumCatAllColsTransformer\", \"IsolationForestAnomalyNumCatTransformer\", \"IsolationForestAnomalyNumericTransformer\", \"LagsAggregatesTransformer\", \"LagsInteractionTransformer\", \"LagsTransformer\", \"LexiLabelEncoderTransformer\", \"NumCatTETransformer\", \"NumToCatTETransformer\", \"NumToCatWoEMonotonicTransformer\", \"NumToCatWoETransformer\", \"OneHotEncodingTransformer\", \"OriginalTransformer\", \"RawTransformer\", \"TextBiGRUTransformer\", \"TextCNNTransformer\", \"TextCharCNNTransformer\", \"TextLinModelTransformer\", \"TextTransformer\", \"TruncSVDNumTransformer\", \"WeightOfEvidenceTransformer\",]\nincluded_models = [ \"DECISIONTREE\", \"FTRL\", \"GLM\", \"IMBALANCEDLIGHTGBM\", \"IMBALANCEDXGBOOSTGBM\", \"LIGHTGBM\", \"RULEFIT\", \"TENSORFLOW\", \"XGBOOSTDART\", \"XGBOOSTGBM\",]\nincluded_scorers = [ \"ACCURACY\", \"AUC\", \"AUCPR\", \"F05\", \"F1\", \"F2\", \"GINI\", \"LOGLOSS\", \"MACROAUC\", \"MAE\", \"MAPE\", \"MCC\", \"MER\", \"MSE\", \"R2\", \"RMSE\", \"RMSLE\", \"RMSPE\", \"SMAPE\",]\nn_estimators_list_no_early_stopping = \"50,100,200,300\"\noverride_lag_sizes = \"\"\nprob_lag_non_targets = 0.1\nprob_default_lags = 0.2\nprob_lagsinteraction = 0.2\nprob_lagsaggregates = 0.2\ntop_pid = -1\nrecipe_load_raise_on_any_error = true\ncontrib_reload_and_recheck_server_start = false\n\n[params_tensorflow]\n", "config_overrides_pickle_path": "/opt/h2oai/dai/tmp/h2oai_experiment_d92382dc-5233-11ea-aeb5-0242ac110002/config_overrides.pickle", "config_toml_experiment": "allow_config_overrides_in_expert_page = true\nuser_config_directory = \"\"\nvis_server_ip = \"127.0.0.1\"\nvis_server_port = 12346\nprocsy_ip = \"127.0.0.1\"\nprocsy_port = 12347\nh2o_ip = \"127.0.0.1\"\nh2o_port = 12348\nenable_h2o_recipes = true\nh2o_recipes_url = \"None\"\nh2o_recipes_ip = \"None\"\nh2o_recipes_port = 50341\nh2o_recipes_name = \"None\"\nh2o_recipes_nthreads = 4\nh2o_recipes_log_level = \"None\"\nh2o_recipes_max_mem_size = \"None\"\nh2o_recipes_min_mem_size = \"None\"\nip = \"127.0.0.1\"\nport = 12345\nmax_file_upload_size = 104857600000\nlog_level = 1\ncollect_server_logs_in_experiment_logs = false\nredis_ip = \"127.0.0.1\"\nredis_port = 6379\nenable_https = false\nssl_key_file = \"/etc/dai/private_key.pem\"\nssl_crt_file = \"/etc/dai/cert.pem\"\nssl_no_sslv2 = true\nssl_no_sslv3 = true\nssl_no_tlsv1 = true\nssl_no_tlsv1_1 = true\nssl_no_tlsv1_2 = false\nssl_no_tlsv1_3 = false\ndata_directory = \"./tmp\"\ndata_upload_directory = \"uploads\"\nrecipes_temporary_data_directory = \"recipe_tmp\"\nenable_quick_benchmark = true\nenable_extended_benchmark = false\nextended_benchmark_scale_num_rows = 0.1\nenable_startup_checks = true\nusage_stats_opt_in = false\nauthentication_method = \"local\"\nauthentication_default_timeout_hours = 72\nauth_openid_provider_base_uri = \"\"\nauth_openid_configuration_uri = \"\"\nauth_openid_auth_uri = \"\"\nauth_openid_token_uri = \"\"\nauth_openid_userinfo_uri = \"\"\nauth_openid_logout_uri = \"\"\nauth_openid_redirect_uri = \"\"\nauth_openid_grant_type = \"\"\nauth_openid_response_type = \"\"\nauth_openid_scope = \"\"\nauth_openid_urlencode_quote_via = \"quote\"\nauth_openid_access_token_expiry_key = \"expires_in\"\nauth_openid_refresh_token_expiry_key = \"refresh_expires_in\"\nauth_openid_token_expiration_secs = 3600\nauth_openid_use_objectpath_match = false\nauth_openid_use_objectpath_expression = \"\"\nldap_server = \"\"\nldap_port = \"\"\nldap_bind_dn = \"\"\nldap_tls_file = \"\"\nldap_use_ssl = false\nldap_search_base = \"\"\nldap_search_filter = \"\"\nldap_search_attributes = \"\"\nldap_user_name_attribute = \"\"\nldap_recipe = \"0\"\nldap_user_prefix = \"\"\nldap_search_user_id = \"\"\nldap_search_password = \"\"\nldap_ou_dn = \"\"\nldap_dc = \"\"\nldap_base_dn = \"\"\nldap_base_filter = \"\"\nsupported_file_types = [ \"csv\", \"tsv\", \"txt\", \"dat\", \"tgz\", \"gz\", \"bz2\", \"zip\", \"xz\", \"xls\", \"xlsx\", \"jay\", \"feather\", \"bin\", \"arff\", \"parquet\", \"pkl\",]\nrecipe_supported_file_types = [ \"py\", \"pyc\",]\nlist_files_without_extensions = false\nenabled_file_systems = [ \"upload\", \"file\", \"hdfs\", \"s3\", \"recipe_file\", \"recipe_url\",]\nmax_files_listed = 100\nmaster_minio_address = \"<URL>:<PORT>\"\nallow_localstorage = true\nallow_orig_cols_in_predictions = true\nmax_runtime_minutes = 1440\nmax_runtime_minutes_until_abort = 10080\nrecipe = \"auto\"\nfeature_engineering_effort = 5\ncheck_distribution_shift = \"auto\"\ncheck_distribution_shift_drop = \"auto\"\ndrop_features_distribution_shift_threshold_auc = 0.999\ncheck_leakage = \"auto\"\ndrop_features_leakage_threshold_auc = 0.999\nleakage_max_data_size = 10000000\nmake_python_scoring_pipeline = \"auto\"\nmake_mojo_scoring_pipeline = \"auto\"\nbenchmark_mojo_latency = \"auto\"\nbenchmark_mojo_latency_auto_size_limit = 100\nmojo_building_timeout = 1800.0\nmojo_building_parallelism = -1\nmake_pipeline_visualization = \"auto\"\nmake_autoreport = true\nmax_cores = 0\nmax_cores_dai = -1\nstall_subprocess_submission_dai_fork_threshold_count = 0\nstall_subprocess_submission_mem_threshold_pct = 2\nmax_cores_by_physical = true\nmax_cores_limit = 100\nmax_fit_cores = 10\nmax_predict_cores = 0\nmax_predict_cores_in_dai = 4\nbatch_cpu_tuning_max_workers = 0\ncpu_max_workers = 0\nnum_gpus_per_experiment = 1\nmin_num_cores_per_gpu = 4\nnum_gpus_per_model = 1\nnum_gpus_for_prediction = 0\nassumed_simultaneous_dt_forks_munging = 3\nassumed_simultaneous_dt_forks_stats_openblas = 3\nmax_max_dt_threads_munging = 4\nmax_max_dt_threads_stats_openblas = 4\nmax_max_dt_threads_readwrite = 4\nmin_dt_threads_munging = 1\nmin_dt_threads_final_munging = 1\nmax_dt_threads_munging = -1\nmax_dt_threads_readwrite = -1\nmax_dt_threads_stats_openblas = -1\nmax_dt_threads_do_timeseries_split_suggestion = 1\nmunging_report_period = 10\nworking_munging_report_period = 120\ntraining_report_period = 10\nworking_training_report_period = 60\ngpu_id_start = 0\nmax_workers = 1\nping_period = 60\nping_sleep_period = 1\ndisk_limit_gb = 5\nstall_disk_limit_gb = 1\nmemory_limit_gb = 5\nmin_num_rows = 100\nmin_rows_per_class = 5\nmin_rows_per_split = 5\ndata_precision = \"float32\"\ntransformer_precision = \"float32\"\nulimit_up_to_hard_limit = true\nlimit_nofile = 65535\nlimit_nproc = 16384\nreproducibility_level = 1\nseed = 1234\nmissing_values = [ \"\", \"?\", \"None\", \"nan\", \"NA\", \"N/A\", \"unknown\", \"inf\", \"-inf\", \"1.7976931348623157e+308\", \"-1.7976931348623157e+308\",]\ntf_nan_impute_value = -5\nstatistical_threshold_data_size_small = 100000\nstatistical_threshold_data_size_large = 500000000\naux_threshold_data_size_large = 10000000\nperformance_threshold_data_size_small = 100000\nperformance_threshold_data_size_large = 100000000\nmax_cols = 10000\nmax_rows_col_stats = 1000000\norig_features_fs_report = false\nmax_rows_fs = 1000000\nmax_workers_fs = 0\nmax_orig_cols_selected = 10000\nmax_orig_numeric_cols_selected = 10000\nmax_orig_nonnumeric_cols_selected = 300\nmax_orig_cols_selected_simple_factor = 2\nfs_orig_cols_selected = 500\nfs_orig_numeric_cols_selected = 500\nfs_orig_nonnumeric_cols_selected = 200\nfs_orig_cols_selected_simple_factor = 2\nmax_relative_cardinality = 0.95\nmax_absolute_cardinality = 1000000\nnum_as_cat = true\nmax_int_as_cat_uniques = 50\nnum_folds = 3\nallow_different_classes_across_fold_splits = true\nfull_cv_accuracy_switch = 8\nensemble_accuracy_switch = 5\nnum_ensemble_folds = 5\nfold_reps = 1\nmax_num_classes = 200\nnum_actuals_vs_predicted = 100\nfeature_brain_level = 2\nbrain_maximum_diff_score = 0.1\nmax_num_brain_indivs = 3\nfeature_brain_save_every_iteration = 0\nwhich_iteration_brain = -1\nbrain_rel_dir = \"H2O.ai_brain\"\nbrain_max_size_GB = 20\nbrain_add_features_for_new_columns = true\nearly_stopping = true\nearly_stopping_per_individual = true\nmin_dai_iterations = 0\nnfeatures_max = -1\nngenes_max = -1\ntensorflow_max_epochs_nlp = 2\nenable_tensorflow_nlp_accuracy_switch = 5\nenable_tensorflow_textcnn = \"auto\"\nenable_tensorflow_textbigru = \"auto\"\nenable_tensorflow_charcnn = \"auto\"\ntensorflow_nlp_pretrained_embeddings_file_path = \"\"\ntensorflow_nlp_pretrained_embeddings_trainable = false\ntensorflow_nlp_have_gpus_in_production = false\ntext_fraction_for_text_dominated_problem = 0.3\ntext_transformer_fraction_for_text_dominated_problem = 0.3\nstring_col_as_text_threshold = 0.3\nstring_col_as_text_min_relative_cardinality = 0.1\nstring_col_as_text_min_absolute_cardinality = 100\nmonotonicity_constraints_interpretability_switch = 7\nmonotonicity_constraints_correlation_threshold = 0.1\ndefault_max_feature_interaction_depth = 8\nmax_feature_interaction_depth = -1\nfixed_feature_interaction_depth = 0\nfixed_feature_interaction_depth_numcat_cat = 0\nfixed_feature_interaction_depth_many_inputs_generates_not_useful = 0\ntune_parameters_accuracy_switch = 3\ntune_target_transform_accuracy_switch = 3\ntarget_transformer = \"auto\"\ntournament_style = \"auto\"\ntournament_uniform_style_interpretability_switch = 6\ntournament_uniform_style_accuracy_switch = 6\ntournament_model_style_accuracy_switch = 6\ntournament_feature_style_accuracy_switch = 7\ntournament_fullstack_style_accuracy_switch = 8\ntournament_use_feature_penalized_score = true\nnum_individuals = 2\nfixed_num_individuals = 0\nfixed_fold_reps = 0\nfixed_only_first_fold_model = false\nsanitize_natural_sort_limit = 1000\nenable_target_encoding = \"auto\"\nenable_lexilabel_encoding = \"off\"\nenable_isolation_forest = \"off\"\nenable_one_hot_encoding = \"auto\"\nisolation_forest_nestimators = 200\nincluded_transformers = [ \"CVCatNumEncodeTransformer\", \"CVTargetEncodeTransformer\", \"CatOriginalTransformer\", \"CatTransformer\", \"ClusterDistTransformer\", \"ClusterTETransformer\", \"DateOriginalTransformer\", \"DateTimeOriginalTransformer\", \"DatesTransformer\", \"EwmaLagsTransformer\", \"FrequentTransformer\", \"InteractionsTransformer\", \"IsHolidayTransformer\", \"IsolationForestAnomalyNumCatAllColsTransformer\", \"IsolationForestAnomalyNumCatTransformer\", \"IsolationForestAnomalyNumericTransformer\", \"LagsAggregatesTransformer\", \"LagsInteractionTransformer\", \"LagsTransformer\", \"LexiLabelEncoderTransformer\", \"NumCatTETransformer\", \"NumToCatTETransformer\", \"NumToCatWoEMonotonicTransformer\", \"NumToCatWoETransformer\", \"OneHotEncodingTransformer\", \"OriginalTransformer\", \"RawTransformer\", \"TextBiGRUTransformer\", \"TextCNNTransformer\", \"TextCharCNNTransformer\", \"TextLinModelTransformer\", \"TextTransformer\", \"TruncSVDNumTransformer\", \"WeightOfEvidenceTransformer\",]\nexcluded_transformers = []\nincluded_genes = []\nexcluded_genes = []\nincluded_models = [ \"DECISIONTREE\", \"FTRL\", \"GLM\", \"IMBALANCEDLIGHTGBM\", \"IMBALANCEDXGBOOSTGBM\", \"LIGHTGBM\", \"RULEFIT\", \"TENSORFLOW\", \"XGBOOSTDART\", \"XGBOOSTGBM\",]\nexcluded_models = []\nincluded_scorers = [ \"ACCURACY\", \"AUC\", \"AUCPR\", \"F05\", \"F1\", \"F2\", \"GINI\", \"LOGLOSS\", \"MACROAUC\", \"MAE\", \"MAPE\", \"MCC\", \"MER\", \"MSE\", \"R2\", \"RMSE\", \"RMSLE\", \"RMSPE\", \"SMAPE\",]\nexcluded_scorers = []\nenable_xgboost_gbm = \"auto\"\nenable_xgboost_dart = \"auto\"\nxgboost_threshold_data_size_large = 100000000\nxgboost_gpu_threshold_data_size_large = 30000000\nenable_glm = \"auto\"\nenable_decision_tree = \"auto\"\nenable_lightgbm = \"auto\"\nenable_tensorflow = \"auto\"\nenable_ftrl = \"auto\"\nenable_rulefit = \"auto\"\nenable_lightgbm_boosting_types = [ \"gbdt\",]\nenable_lightgbm_cat_support = false\nparams_tune_grow_policy_simple_trees = true\nmax_nestimators = 3000\nn_estimators_list_no_early_stopping = \"50,100,200,300\"\nmin_learning_rate_final = 0.01\nmax_learning_rate_final = 0.05\nmax_nestimators_feature_evolution_factor = 0.2\nmin_learning_rate = 0.05\nmax_learning_rate = 0.5\nmax_epochs = 10\nmax_max_depth = 12\ndefault_max_bin = 256\ndefault_lightgbm_max_bin = 64\nmax_max_bin = 256\nmin_max_bin = 32\nscale_mem_for_max_bin = 10737418240\nfactor_rf = 1.25\ntensorflow_use_all_cores = true\ntensorflow_use_all_cores_even_if_reproducible_true = false\ntensorflow_cores = 0\nrulefit_max_num_rules = -1\nrulefit_max_tree_depth = 6\nrulefit_max_num_trees = 100\nrulefit_threshold_data_size_large = 100000000\none_hot_encoding_cardinality_threshold = 50\none_hot_encoding_cardinality_limiter = true\nfixed_ensemble_level = -1\ncross_validate_single_final_model = true\nparameter_tuning_num_models = -1\nvalidate_meta_learner = false\nfixed_num_folds_evolution = -1\nfixed_num_folds = -1\nnum_fold_ids_show = 10\nfeature_evolution_data_size = 100000000\nfinal_pipeline_data_size = 500000000\nmax_validation_to_training_size_ratio_for_final_ensemble = 2.0\nimbalance_sampling_method = \"off\"\nimbalance_ratio_sampling_threshold = 5\nheavy_imbalance_ratio_sampling_threshold = 25\nimbalance_sampling_number_of_bags = -1\nimbalance_sampling_max_number_of_bags = 10\nimbalance_sampling_max_number_of_bags_feature_evolution = 3\nimbalance_sampling_max_multiple_data_size = 1.0\nimbalance_sampling_rank_averaging = \"auto\"\nimbalance_sampling_target_minority_fraction = -1.0\nimbalance_ratio_notification_threshold = 2.0\nnbins_ftrl_list = [ 1000000, 10000000, 100000000,]\nftrl_max_interaction_terms_per_degree = 10000\nte_bin_list = [ 25, 10, 100, 250,]\nwoe_bin_list = [ 25, 10, 100, 250,]\nohe_bin_list = [ 10, 25, 50, 75, 100,]\ndrop_constant_columns = true\ndrop_id_columns = true\nno_drop_features = false\ncols_to_drop = \"\"\ncols_to_group_by = \"\"\nsample_cols_to_group_by = false\nagg_funcs_for_group_by = [ \"mean\", \"sd\", \"min\", \"max\", \"count\",]\nfolds_for_group_by = 5\nmutation_mode = \"sample\"\nshift_check_text = false\nuse_rf_for_shift_if_have_lgbm = true\nshift_key_features_varimp = 0.01\nshift_check_reduced_features = true\nshift_trees = 100\nshift_max_bin = 256\nshift_min_max_depth = 4\nshift_max_max_depth = 8\ndetect_features_distribution_shift_threshold_auc = 0.55\ndrop_features_distribution_shift_min_features = 1\nleakage_check_text = true\nleakage_key_features_varimp = 0.001\nleakage_key_features_varimp_if_no_early_stopping = 0.05\nleakage_check_reduced_features = true\nuse_rf_for_leakage_if_have_lgbm = true\nleakage_trees = 100\nleakage_max_bin = 256\nleakage_min_max_depth = 4\nleakage_max_max_depth = 8\ndetect_features_leakage_threshold_auc = 0.95\ndetect_features_per_feature_leakage_threshold_auc = 0.8\ndrop_features_leakage_min_features = 1\nleakage_train_test_split = 0.25\ndetailed_traces = false\ndebug_log = false\nlog_system_info_per_experiment = true\nmax_debug_description_length = 1000\nabs_tol_for_perfect_score = 0.0001\ndata_ingest_timeout = 86400.0\ntime_series_recipe = true\ntime_series_validation_fold_split_datetime_boundaries = \"\"\ntimeseries_split_suggestion_timeout = 30.0\nuse_lags_if_not_time_series_recipe = false\nmin_ymd_timestamp = 19000101\nmax_ymd_timestamp = 21000101\nmax_rows_datetime_format_detection = 100000\nholiday_features = true\nholiday_country = \"US\"\nmax_time_series_properties_sample_size = 250000\nmax_lag_sizes = -1\nmin_lag_autocorrelation = 0.1\nmax_signal_lag_sizes = 100\nsample_lag_sizes = false\nmax_sampled_lag_sizes = 10\noverride_lag_sizes = \"\"\nmin_lag_size = -1\nallow_time_column_as_feature = true\nallow_time_column_as_numeric_feature = false\ndatetime_funcs = [ \"year\", \"quarter\", \"month\", \"week\", \"weekday\", \"day\", \"dayofyear\", \"hour\", \"minute\", \"second\",]\nallow_tgc_as_features = false\nallowed_coltypes_for_tgc_as_features = [ \"numeric\", \"categorical\", \"ohe_categorical\", \"datetime\", \"date\", \"text\",]\nenable_time_unaware_transformers = \"auto\"\ntgc_only_use_all_groups = true\ntime_series_holdout_preds = true\ntime_series_validation_splits = -1\ntime_series_splits_max_overlap = 0.5\ntime_series_max_holdout_splits = -1\nmli_ts_fast_approx = false\nmli_ts_fast_approx_contribs = true\nmli_ts_holdout_contribs = true\ntime_series_min_interpretability = 5\nlags_dropout = \"dependent\"\nprob_lag_non_targets = 0.1\nrolling_test_method = \"tta\"\nprob_default_lags = 0.2\nprob_lagsinteraction = 0.2\nprob_lagsaggregates = 0.2\ntgc_via_ui_max_ncols = 10\ntgc_dup_tolerance = 0.01\nmli_use_mojo_pipeline = false\nmli_sample_above_for_scoring = 1000000\nmli_sample_above_for_training = 100000\nmli_sample_size = 100000\nmli_num_quantiles = 10\nmli_drf_num_trees = 100\nmli_fast_approx = true\nfast_approx_num_trees = 50\nfast_approx_do_one_fold_one_model = true\nmli_drf_max_depth = 20\nmli_sample_training = true\nklime_lambda = [ 1e-6, 1e-8,]\nklime_alpha = 0.0\nmli_max_numeric_enum_cardinality = 25\nmli_max_number_cluster_vars = 6\nuse_all_columns_klime_kmeans = false\nmli_strict_version_check = true\nmli_cloud_name = \"\"\nmli_ice_per_bin_strategy = false\nmli_dia_default_max_cardinality = 10\nenable_mli_sa = true\nenable_mli_async_api = true\nenable_mli_sa_main_chart_aggregator = true\nmli_sa_sampling_limit = 500000\nmli_sa_main_chart_aggregator_limit = 1000\nmli_predict_safe = false\nenable_mli_predict_fast_approx = false\nmli_max_surrogate_retries = 5\nmli_mojo_batch_size = 50\nmli_nlp_tokenizer = \"tfidf\"\nmli_nlp_top_n = 20\nmli_nlp_sample_limit = 10000\nmli_nlp_workers = 4\nmli_nlp_min_df = 3\nmli_nlp_max_df = 0.9\nmli_nlp_min_ngram = 1\nmli_nlp_max_ngram = 1\nmli_nlp_min_token_mode = \"top\"\nmli_nlp_tokenizer_max_features = -1\nmli_nlp_loco_max_features = -1\nmli_nlp_surrogate_tokens = 100\nmli_batch_size = 10000\nmli_dt_nthreads = 4\ndump_varimp_every_scored_indiv = false\ndump_modelparams_every_scored_indiv = true\ndump_modelparams_every_scored_indiv_feature_count = 3\ndump_modelparams_separate_files = false\ndump_trans_timings = false\ndelete_preview_trans_timings = true\nautodoc_template = \"report_template.docx\"\nautodoc_output_type = \"docx\"\nautodoc_report_name = \"report\"\nautodoc_max_cm_size = 10\nautodoc_coef_table_num_models = 1\nautodoc_coef_table_num_folds = -1\nautodoc_coef_table_num_coef = 50\nautodoc_coef_table_num_classes = 9\nautodoc_coef_table_appendix_results_table = false\nautodoc_min_relative_importance = 0.003\nautodoc_num_features = 50\nautodoc_num_rows = 0\nautodoc_pd_max_runtime = 20\nautodoc_out_of_range = 3\nautodoc_data_summary_col_num = -1\nautodoc_prediction_stats = false\nautodoc_prediction_stats_n_quantiles = 20\nautodoc_population_stability_index = false\nautodoc_population_stability_index_n_quantiles = 10\nautodoc_include_permutation_feature_importance = false\nautodoc_feature_importance_scorer = \"\"\nautodoc_feature_importance_num_perm = 1\nautodoc_response_rate = false\nautodoc_response_rate_n_quantiles = 10\nautodoc_global_klime_num_features = 10\nautodoc_global_klime_num_tables = 1\nautodoc_gini_plot = false\nautodoc_list_all_config_settings = false\ncompute_correlation = false\nproduce_correlation_heatmap = false\nhigh_correlation_value_to_report = 0.95\npreview_cache_upon_server_exit = true\ncore_site_xml_path = \"\"\nhdfs_config_path = \"\"\nkey_tab_path = \"\"\nfile_hide_data_directory = true\nfile_path_filtering_enabled = false\nfile_path_filter_include = []\nhdfs_auth_type = \"noauth\"\nhdfs_app_principal_user = \"\"\nhdfs_app_login_user = \"\"\nhdfs_app_jvm_args = \"\"\nhdfs_app_classpath = \"\"\nhdfs_app_supported_schemes = [ \"hdfs://\", \"maprfs://\", \"swift://\",]\nhdfs_max_files_listed = 100\ndtap_auth_type = \"noauth\"\ndtap_config_path = \"\"\ndtap_key_tab_path = \"\"\ndtap_app_principal_user = \"\"\ndtap_app_login_user = \"\"\ndtap_app_jvm_args = \"\"\ndtap_app_classpath = \"\"\naws_role_arn = \"\"\naws_default_region = \"\"\naws_s3_endpoint_url = \"\"\naws_use_ec2_role_credentials = false\ns3_init_path = \"s3://\"\nkdb_hostname = \"\"\nkdb_port = \"\"\nkdb_app_classpath = \"\"\nkdb_app_jvm_args = \"\"\nazure_connection_string = \"\"\njdbc_app_configs = \"{}\"\njdbc_app_jvm_args = \"-Xmx4g\"\njdbc_app_classpath = \"\"\nlisteners_experiment_start = \"\"\nlisteners_experiment_done = \"\"\nh2o_storage_address = \"\"\nh2o_storage_tls_enabled = true\nh2o_storage_tls_ca_path = \"\"\nh2o_storage_tls_cert_path = \"\"\nh2o_storage_tls_key_path = \"\"\nh2o_storage_internal_default_project_id = \"\"\ndeployment_aws_bucket_name = \"\"\nallow_form_autocomplete = true\nenable_projects = true\nenable_custom_recipes = true\nenable_custom_recipes_upload = true\ninclude_custom_recipes_by_default = false\napp_language = \"en\"\nshow_developer_settings = false\nenable_benchmark_each_experiment = false\ndatatable_verbose_log = false\ndatatable_show_progress = false\ndatatable_allow_interruption = false\ndatatable_fread_anonymize = true\ndatatable_strategy = \"auto\"\ngpu_locking_type = \"global\"\ngpu_lock_data_size = 150000000\ngpu_lock_safety_factor = 3\ngpu_lock_delay = 10.0\ngpu_lock_min_delay = 0.0\ntensorflow_allow_cpu_only = false\nfinal_vs_ga_progress_factor = 5\ndebug = false\ndebug_print = false\ndebug_print_server = false\nping_period_debug = 20\nhard_asserts = false\ncheck_1_vs_N = false\ncheck_pred_contribs_sum = true\nenable_funnel = true\nclean_funnel = true\nquiet_funnel = false\ndummy = 0\ndebug_ga = false\ndebug_indiv = false\nuniquify_indiv = true\ndebug_daimodel_level = 0\ndebug_pipeline_pickles = false\nbrain_food_full = false\nmemory_ref = 137438953472\nrows_ref = 2000000\nmemory_score_factor_ref = 0.2\nuse_dummy_pool = false\nuse_dummy_pool_onetask = false\nuse_dummy_pool_detect_types = false\nuse_dummy_pool_capture_schema = false\nuse_dummy_pool_fs = false\nuse_dummy_pool_dl2 = false\nuse_dummy_pool_munging = false\nuse_dummy_pool_training = false\nuse_dummy_pool_xgb_fit = false\nuse_dummy_pool_lgbm_fit = false\nuse_dummy_pool_predict = false\nuse_dummy_pool_score = false\nuse_dummy_pool_final_munging = false\nuse_dummy_pool_final_training = false\nuse_dummy_pool_final_predict = false\nuse_dummy_pool_mojo = false\nuse_global_isolation_pool = false\ndatatable_is_leaking = true\nstalled_time_nrows_ref = 1000000\nstalled_time_nrowscols_ref = 10000000\nstalled_time_ref = 240.0\nstalled_time_min = 120.0\nstalled_time_kill_ref = 440.0\nstalled_pool_cpu_percent_threshold_kill = 5.0\nstalled_pool_gpu_percent_threshold_kill = 5.0\ncpu_percent_check_period_stalled = 0.3\ncpu_percent_per_experiment_check_period_logging = 0.1\ncpu_gpu_stall_max_count = 10\ncpu_stall_max_factor_interval = 20\nnum_cpu_sockets = 1\nautodl_stall_sigusr1 = true\nlightgbm_import_stall_trials = 3\nlightgbm_import_stall_timeout = 30\ntask_trials = 2\nreap_trials = 3\nstats_trials = 5\npool_mark = \"_\"\nacquire_mark = \"+\"\ntask_sync_mark = \"*\"\nping_mark = \"_ping_\"\npool_wait_mark = \"|\"\npool_submit_mark = \"=\"\npool_busy_mark = \"#\"\ntask_sync_key_length = 6\nxgb_in_subprocess = true\nenable_preview_time_estimate = true\nenable_preview_time_estimate_rough = true\nshow_inapplicable_models_preview = false\nshow_inapplicable_transformers_preview = false\nxgb_memory_pickled_estimate = false\ndebug_h2o4gpu_level = 0\nenable_h2o4gpu_kmeans = false\nenable_h2o4gpu_truncatedsvd = false\nxgboost_direct_datatable = false\ninteraction_finder_max_rows_x_cols = 200000.0\ninteraction_finder_search_limit = 20\ninteraction_finder_return_limit = 5\ninteraction_finder_gini_rel_improvement_threshold = 0.5\ninteraction_finder_corr_threshold = 0.95\ninteraction_finder_max_pairwise_interactions = 100\nenable_bootstrap = true\nmin_bootstrap_samples = 1\nmax_bootstrap_samples = 100\nmin_bootstrap_sample_size_factor = 1.0\nmax_bootstrap_sample_size_factor = 10.0\nbootstrap_final_seed = -1\nserver_proctitle = \"h2oai-DriverlessAI\"\nserver_fork_proctitle = \"h2oai-DAI-fork\"\nserver_db_checkpoint_period = 10\nserver_wal_mode = true\nserver_wal_db_checkpoint_period = 360\nserver_timeout_flush_rpc = 10.0\nserver_timeout_flush_rpc_min = 10.0\nserver_timeout_flush_rpc_max = 120.0\nenable_gpu_usage_in_gui = true\nping_check_period_memory = 5\nping_check_period_usage = 5\nping_check_period_files = 60\nping_check_server_health = true\nping_check_period_server_health = 1.0\nping_check_period_server_exists = 10.0\nping_check_period_server_health_hard_assert_limit = 60.0\nping_check_server_health_debug_duration_always_print = false\nping_check_period_server_health_info_logger = true\nserver_health_sigusr1 = false\nserver_runtime_metrics = false\nping_check_period = 5\ngpu_small_data_size = 100000\nmax_rows_tuning = 1000\nbenford_mad_threshold_int = 0.03\nbenford_mad_threshold_real = 0.1\nstop_early_rel_std = 0.1\nstop_early_abs_std = 0.001\nvarimp_threshold_at_interpretability_10 = 0.05\nlowest_nonzero_varimp = 1e-30\nfeatures_allowed_by_interpretability = \"{1: 10000000, 2: 10000, 3: 1000, 4: 500, 5: 300, 6: 200, 7: 150, 8: 100, 9: 80, 10: 50, 11: 50, 12: 50, 13: 50}\"\nnfeatures_max_threshold = 200\nrdelta_percent_score_penalty_per_feature_by_interpretability = \"{1: 0, 2: 0.1, 3: 0.2, 4: 0.3, 5: 0.5, 6: 0.6, 7: 0.7, 8: 0.8, 9: 0.9, 10: 1, 11: 1, 12: 1, 13: 1}\"\ndrop_low_meta_weights = true\nmeta_weight_allowed_by_interpretability = \"{1: 1E-30, 2: 1E-5, 3: 1E-4, 4: 1E-3, 5: 1E-2, 6: 0.03, 7: 0.05, 8: 0.08, 9: 0.10, 10: 0.15, 11: 0.15, 12: 0.15, 13: 0.15}\"\nfeature_cost_mean_interp_for_penalty = 5\nfeatures_cost_per_interp = 0.25\nvarimp_threshold_shift_report = 0.3\napply_featuregene_limits_after_tuning = true\nremove_scored_0gain_genes_in_postprocessing_above_interpretability = 13\nremove_scored_0gain_genes_in_postprocessing_above_interpretability_final_population = 7\nmerge_dup_raw_features = true\nfs_interpretabilty_switch = 6\nfs_prune_by_genes = false\nvarimp_fspermute_factor = 1.0\nngenes_min = -1\nnfeatures_min = -1\nfeatures_per_gene = 1\nnfeatures_max_factor = 1.0\nuse_unit_pool_protection = true\nalways_use_unit_pool_protection = false\ntrigger_subprocess_catch_rows_times_columns = 10000000\nstrict_gpu_non_overlap = false\nround_up_indivs_for_busy_gpus = true\nterminate_train_backend_tuning = true\nterminate_train_tuning = true\nterminate_train_feature_evolution = true\nreduce_by_genes = false\nkeep_fraction_default = 1.0\nreduce_randomly = false\nreduce_by_fraction = 0.1\nreduce_count_max = 10\npreserve_oom_reduced_features = true\npreserve_varimp_reduced_features = false\npreserve_reduced_features_for_final_model = true\nmutation_rate = -1\nextra_mutation_level = -1\ntuning_share_varimp_accuracy_switch = 5\ntuning_share_varimp = \"best\"\nfresh_indiv_accuracy_switch = 7\nenable_tensorflow_import = true\ndetailed_tensorflow_import_error = false\nenable_lightgbm_import = true\ncheck_clinfo_timeout = 30\ncheck_java_timeout = 30\nprob_add_genes = 0.5\nprob_addbest_genes = 0.5\nprob_prune_genes = 0.5\nprob_perturb_xgb = 0.25\nprob_prune_by_features = 0.25\nperturb_xgb_depth_random = false\nperturb_xgb_depth_min = 3\nperturb_xgb_depth_max = 10\nexplore_more_unused_genes = true\nexplore_gene_anneal = true\nexplore_prob0 = 0.5\nexplore_anneal_factor = 0.9\nexplore_prob_lowest = 0.1\nexplore_grow_anneal = true\ngrow_prob0 = 0.8\ngrow_anneal_factor = 0.5\ngrow_prob_lowest = 0.05\ngrow_proboff = 0.5\nprob_tune_model_vs_features = 0.5\nmax_absolute_feature_expansion = 1000\nexplore_model_anneal = true\nexplore_model_prob0 = 0.5\nexplore_model_anneal_factor = 0.9\nexplore_model_prob_lowest = 0.1\nxgboost_interpretability_switch = 10\nxgboost_accuracy_switch = 1\nbooster_for_fs_permute = \"lightgbm\"\nmodel_class_name_for_fs_permute = \"LightGBMModel\"\ndefault_booster = \"lightgbm\"\ndefault_model_class_name = \"LightGBMModel\"\nthreshold_data_size_large_to_use_cpu_for_fs = 100000000\nlightgbm_interpretability_switch = 10\nlightgbm_accuracy_switch = 1\ndecision_tree_interpretability_switch = 7\ndecision_tree_accuracy_switch = 7\ntensorflow_interpretability_switch = 6\ntensorflow_accuracy_switch = 5\ntensorflow_num_classes_switch = 10\ntensorflow_num_classes_switch_but_keep_lightgbm = 15\ntextlin_num_classes_switch = 5\ntext_gene_dim_reduction_choices = [ 50,]\ntext_gene_max_ngram = [ 1, 2, 3,]\nglm_do_lambda_search = true\nglm_do_lambda_search_by_eval_metric = false\nglm_lambda_early_stopping_rounds = 4\ngbm_early_stopping_rounds_min = 1\nglm_optimal_refit = true\nglm_interpretability_switch = 6\nglm_accuracy_switch = 5\nfixup_nanpreds = true\nfixup_infX = true\nrulefit_interpretability_switch = 1\nrulefit_accuracy_switch = 8\nenable_cache_final_pipeline = false\ntop_pid = -1\ngolden_fatal = false\nnotification_url = \"https://s3.amazonaws.com/ai.h2o.notifications/dai_notifications_prod.json\"\nping_run_type = \"fork\"\nlock_logs = true\nmax_num_varimp_to_log = 10\nmax_num_varimp_shift_to_log = 10\nlock_logs_server = false\ndebug_feature_cache_files = false\ndebug_final_feature_cache_files = false\ngenerate_fresh_logger_every_log = true\nfinal_munging_memory_reduction_factor = 2\nmunging_memory_overhead_factor = 5\nmunging_memory_available = 0\nmunging_max_workers_verbose = false\nprob_segfault_ga_pipeline = 0.0\nprob_segfault_ga_model = 0.0\nprob_segfault_final_pipeline = 0.0\nprob_segfault_final_model = 0.0\nprob_segfault_lightgbm = 0.0\nprob_segfault_xgboost = 0.0\nprob_segfault_gblinear = 0.0\nprob_segfault_tensorflow = 0.0\nprob_segfault_rulefit = 0.0\nprob_stall_ga_pipeline = 0.0\nprob_stall_fitmodel = 0.0\nprob_stall_final_pipeline = 0.0\nprob_stall_kill_ga_pipeline = 0.0\nprob_stall_kill_fitmodel = 0.0\nprob_stall_kill_final_pipeline = 0.0\nprob_finish_early = 0.0\nprob_abort_early = 0.0\nstall_subprocess_submission_cpu_threshold_pct = 100\nstall_subprocess_submission_dai_fork_threshold_pct = -1.0\nstall_subprocess_submission_experiment_fork_threshold_pct = -1.0\nstall_by_memory = true\nstall_by_cores = true\nstall_by_disk = true\nrestrict_initpool_by_memory = true\nrestrict_initpool_by_cores = false\nbase_fork_count = 2\nexperiment_nice_level = 100\nrandom_control = false\ndill_for_model = false\ngzip_for_model = true\nbzip_for_model = false\ncompression_level_for_model = 5\ncheck_nvidia_smi_during_experiment = false\nsmall_pool_sleeptouse = 0.005\nlarge_pool_sleeptouse = 0.01\nonetask_sleeptouse = 0.01\nonetask_fast_sleeptouse = 0.0001\npool_default_sleeptouse = 0.001\ntrace_detect_types = false\ntrace_fit_transform = false\ntrace_final_fit_transform = false\ntrace_final_transform = false\nterminate_experiment_if_server_lost = false\nshow_all_filesystems = false\nuse_uuids = true\nresumed_experiment_id = \"\"\nexperiment_id = \"d92382dc-5233-11ea-aeb5-0242ac110002\"\nexperiment_tmp_dir = \"./tmp/h2oai_experiment_d92382dc-5233-11ea-aeb5-0242ac110002\"\nreproducible = false\nfast_import = false\nserver_recipe_url = \"\"\nnum_rows_acceptance_test_custom_transformer = 200\nnum_rows_acceptance_test_custom_model = 100\nenable_custom_transformers = true\nenable_custom_models = true\nenable_custom_scorers = true\nenable_custom_datas = true\nrecipe_load_raise_on_first_error = false\nrecipe_load_raise_on_first_error_but_keep_accepted_recipes = false\nrecipe_load_raise_on_any_error = true\nversion_old_custom = false\nversion_old_custom_by_filename = false\nwrite_recipes_to_experiment_folder = true\nwrite_recipes_to_experiment_logger = false\ncontrib_relative_directory = \"contrib\"\ncontrib_env_relative_directory = \"contrib/env\"\npip_install_overall_retries = 2\npip_install_verbosity = 2\npip_install_timeout = 15\npip_install_retries = 5\npip_install_options = \"\"\nenable_basic_acceptance_tests = true\nenable_acceptance_tests = true\nacceptance_test_timeout = 20.0\nacceptance_tests_max_number_of_parameter_combinations = 20\ncontrib_reload_and_recheck_server_start = false\nrecipe_test_import_after_load_package = false\ndata_recipe_preview_num_rows = 20\ndebug_custom = false\nallow_any_call_to_skip_failures = true\nskip_transformer_failures = true\nskip_model_failures = true\ndetailed_skip_failure_messages_level = 1\nconfig_overrides = \"\"\nprotect_base_env = false\ncheck_cuda_context_testing = false\ntest_scoring_simple = true\nenable_dataset_downloading = true\naudit_log_retention_period = 5\nenable_advanced_features_experiment = false\nenable_imputation = false\n\n[h2o_recipes_kwargs]\n\n[params_lightgbm]\n\n[params_xgboost]\n\n[params_dart]\n\n[params_tensorflow]\n\n[params_gblinear]\n\n[params_decision_tree]\n\n[params_rulefit]\n\n[params_ftrl]\n\n[params_tune_lightgbm]\n\n[params_tune_xgboost]\n\n[params_tune_dart]\n\n[params_tune_tensorflow]\n\n[params_tune_gblinear]\n\n[params_tune_rulefit]\n\n[params_tune_ftrl]\n\n[recipe_dict]\n\n[extra_http_headers]\n", "context": "AutoDLRuntimeContext", "cvd_backup": null, "datetime_start": "datetime", "detect_time_series": false, "device": "xvda1", "disable_gpus": false, "doing_refit": false, "doing_restart": false, "dummy": false, "early_stopping_rounds": 5, "ensemble_level": 2, "exceptional": true, "experiment_description": "kamokoko", "experiment_id": "d92382dc-5233-11ea-aeb5-0242ac110002", "experiment_id_extension": null, "f": "TextIOWrapper", "final_model_and_pipeline_can_mojo": true, "fold_column": null, "fold_reps": 3, "good_tuning_subsample": true, "got_brain_population": false, "gt_logger": "RootLogger", "gt_num_dropped_cols": 0, "interpretability": 8, "iterate_iter": false, "iterations": 30, "iterations_feature_evolution_planned": 30, "kwargs": {}, "label_counts": null, "logger": "AuditLogger", "make_mojo_pipeline": false, "make_mojo_pipeline_if_possible": true, "make_mojo_pipeline_old": false, "make_scoring_pipeline": true, "max_fold_valid_rows": 139720989796032, "max_rows": 912, "max_rows_feature_evolution": 912, "max_rows_feature_evolution_orig": null, "max_rows_orig": null, "max_runtime_seconds": 86400, "maximize": false, "message": "Ingesting training data...", "min_rows": null, "monotonicity_constraints": true, "myseed": null, "new_accuracy": null, "new_interpretability": null, "new_time": null, "num_as_cat_allowed": true, "num_classes": 3, "num_classes_tuning": 139720989796032, "num_ensemble_folds": 3, "num_folds": 3, "num_gap_periods": null, "num_individuals": 8, "num_prediction_periods": null, "num_validation_splits_tuning": 139720982628384, "only_do_autotune": false, "only_first_fold_model": false, "orig_train_shape": [912, 19], "original_ensemble_level": 2, "out_of_disk": true, "parameter_tuning_num_models": 16, "ping_proc": "PingProcess", "ping_proc_p": "mppool", "ping_server_proc": "PingProcess", "ping_server_proc_p": "mppool", "random_seed": true, "resumed_experiment_id": "", "run_benchmarks": false, "run_indicator_file": "/opt/h2oai/dai/tmp/h2oai_experiment_d92382dc-5233-11ea-aeb5-0242ac110002/STARTED", "score_f": null, "score_f_name": "LOGLOSS", "seed": 159502205, "seed_time": 397618782, "server_on": true, "soft_fail_at_end": false, "soft_fail_msg": "", "start_time_millis": 1582019324858, "strategy": "FS", "strategy_orig": null, "t_start": 1582019325.5168445, "target": "Label", "target_transform": null, "task": "Task", "test_data": "./tmp/b8732786-5233-11ea-aeb5-0242ac110002/coupled_data.csv.1582019268.1942387.bin", "test_data_name": "coupled_data.csv", "testing": false, "testing_attack": false, "testing_iterations": null, "time_column": null, "time_groups_columns": null, "time_period_in_seconds": null, "time_series": false, "time_tolerance": 3, "tmp_dir": "./tmp/h2oai_experiment_d92382dc-5233-11ea-aeb5-0242ac110002", "tmp_dir_base": "/opt/h2oai/dai/./tmp", "total_gpus": 1, "total_num_features_created": 139720620631432, "train_data": {"key": "4f9843c2-5233-11ea-aeb5-0242ac110002", "name": "combined_cleaned_jal1.csv", "file_path": "./tmp/4f9843c2-5233-11ea-aeb5-0242ac110002/combined_cleaned_jal1.csv.1582019092.3793244.bin", "file_size": 135920, "bin_file_path": "./tmp/4f9843c2-5233-11ea-aeb5-0242ac110002/combined_cleaned_jal1.csv.1582019092.3793244.bin", "data_source": "upload", "row_count": 912, "columns": [{"name": "A", "data_type": "real", "logical_types": [], "datetime_format": "", "stats": {"is_numeric": true, "num_classes": 0, "numeric": {"count": 912, "mean": 463.58710526315804, "std": 408.831483718447, "min": 26.36, "max": 2746.21, "unique": 587, "freq": 6, "hist_ticks": ["26.36", "298.345", "570.33", "842.315", "1114.3", "1386.285", "1658.27", "1930.2549999999999", "2202.2400000000002", "2474.2250000000004", "2746.21"], "hist_counts": [409, 257, 109, 69, 27, 24, 5, 10, 0, 2]}, "non_numeric": {"count": "", "unique": "", "top": "", "freq": "", "hist_ticks": [], "hist_counts": []}}, "data": [381.72, 234.3, 269.45, 488.13, 631.64, 628.71, 565.25, 610.16, 326.07, 618.95, 854.22, 460.79, 259.68, 253.83, 246.02, 261.64, 546.7, 330.95, 645.31, 1030.93]}, {"name": "B", "data_type": "real", "logical_types": [], "datetime_format": "", "stats": {"is_numeric": true, "num_classes": 0, "numeric": {"count": 912, "mean": 180.13629385964927, "std": 135.08011934246005, "min": 16.35, "max": 938.17, "unique": 383, "freq": 8, "hist_ticks": ["16.35", "108.53199999999998", "200.71399999999997", "292.89599999999996", "385.078", "477.26", "569.4419999999999", "661.6239999999999", "753.8059999999999", "845.9879999999999", "938.17"], "hist_counts": [324, 281, 158, 75, 36, 21, 11, 2, 2, 2]}, "non_numeric": {"count": "", "unique": "", "top": "", "freq": "", "hist_ticks": [], "hist_counts": []}}, "data": [143.5, 89.0, 111.71, 180.73, 272.46, 225.23, 202.53, 237.04, 134.41, 253.39, 374.18, 199.8, 142.59, 128.06, 130.78, 132.6, 227.96, 185.27, 219.78, 415.96]}, {"name": "C", "data_type": "real", "logical_types": [], "datetime_format": "", "stats": {"is_numeric": true, "num_classes": 0, "numeric": {"count": 912, "mean": 330.00187499999987, "std": 264.48503966102436, "min": 20.69, "max": 1885.93, "unique": 529, "freq": 7, "hist_ticks": ["20.69", "207.214", "393.738", "580.2620000000001", "766.7860000000001", "953.3100000000001", "1139.834", "1326.3580000000002", "1512.882", "1699.406", "1885.93"], "hist_counts": [367, 268, 148, 68, 25, 21, 8, 4, 2, 1]}, "non_numeric": {"count": "", "unique": "", "top": "", "freq": "", "hist_ticks": [], "hist_counts": []}}, "data": [267.13, 152.38, 225.75, 378.13, 533.33, 422.33, 378.13, 455.26, 236.09, 462.78, 705.46, 359.31, 249.26, 233.27, 240.8, 233.27, 417.63, 380.01, 393.18, 820.21]}, {"name": "D", "data_type": "real", "logical_types": [], "datetime_format": "", "stats": {"is_numeric": true, "num_classes": 0, "numeric": {"count": 912, "mean": 141.23044956140376, "std": 100.98786595616063, "min": 13.79, "max": 658.25, "unique": 326, "freq": 11, "hist_ticks": ["13.79", "78.23599999999999", "142.682", "207.128", "271.574", "336.02000000000004", "400.466", "464.912", "529.358", "593.804", "658.25"], "hist_counts": [286, 268, 178, 82, 54, 20, 10, 7, 3, 4]}, "non_numeric": {"count": "", "unique": "", "top": "", "freq": "", "hist_ticks": [], "hist_counts": []}}, "data": [102.97, 63.43, 52.4, 109.4, 193.98, 132.38, 133.3, 182.95, 114.92, 174.67, 306.14, 133.3, 124.11, 108.48, 94.69, 102.97, 157.21, 178.35, 114.92, 327.28]}, {"name": "E", "data_type": "real", "logical_types": [], "datetime_format": "", "stats": {"is_numeric": true, "num_classes": 0, "numeric": {"count": 912, "mean": 332.6563048245615, "std": 283.8970654046757, "min": 20.86, "max": 2021.46, "unique": 559, "freq": 7, "hist_ticks": ["20.86", "220.92000000000002", "420.98", "621.0400000000001", "821.1", "1021.16", "1221.22", "1421.28", "1621.34", "1821.3999999999999", "2021.46"], "hist_counts": [402, 260, 135, 55, 32, 14, 5, 4, 4, 1]}, "non_numeric": {"count": "", "unique": "", "top": "", "freq": "", "hist_ticks": [], "hist_counts": []}}, "data": [188.55, 110.5, 111.27, 265.82, 466.73, 350.05, 278.96, 499.96, 203.23, 389.46, 695.46, 279.73, 183.91, 163.82, 169.23, 162.27, 317.59, 366.27, 209.41, 771.96]}, {"name": "F", "data_type": "real", "logical_types": [], "datetime_format": "", "stats": {"is_numeric": true, "num_classes": 0, "numeric": {"count": 912, "mean": 557.0907894736835, "std": 533.8564594460208, "min": 14.83, "max": 3747.37, "unique": 692, "freq": 4, "hist_ticks": ["14.83", "388.084", "761.3380000000001", "1134.592", "1507.846", "1881.1", "2254.3540000000003", "2627.608", "3000.862", "3374.116", "3747.37"], "hist_counts": [451, 240, 113, 50, 29, 15, 3, 5, 5, 1]}, "non_numeric": {"count": "", "unique": "", "top": "", "freq": "", "hist_ticks": [], "hist_counts": []}}, "data": [244.98, 142.61, 206.15, 447.59, 682.69, 698.22, 466.66, 1015.21, 289.45, 661.51, 1146.52, 461.71, 235.09, 183.56, 244.98, 215.33, 559.85, 606.44, 373.47, 1206.53]}, {"name": "G", "data_type": "real", "logical_types": [], "datetime_format": "", "stats": {"is_numeric": true, "num_classes": 0, "numeric": {"count": 912, "mean": 240.40446271929832, "std": 202.22005876194007, "min": 19.13, "max": 1195.01, "unique": 570, "freq": 10, "hist_ticks": ["19.13", "136.718", "254.30599999999998", "371.894", "489.48199999999997", "607.0699999999999", "724.658", "842.246", "959.834", "1077.422", "1195.01"], "hist_counts": [382, 206, 113, 95, 58, 34, 10, 9, 2, 3]}, "non_numeric": {"count": "", "unique": "", "top": "", "freq": "", "hist_ticks": [], "hist_counts": []}}, "data": [69.58, 60.88, 35.37, 177.43, 247.58, 105.53, 164.67, 431.39, 186.12, 171.63, 386.74, 169.31, 125.82, 104.95, 103.79, 175.11, 102.63, 585.04, 86.97, 136.84]}, {"name": "H", "data_type": "real", "logical_types": [], "datetime_format": "", "stats": {"is_numeric": true, "num_classes": 0, "numeric": {"count": 912, "mean": 296.81018640350834, "std": 213.70953357027292, "min": 30.72, "max": 1267.2, "unique": 610, "freq": 5, "hist_ticks": ["30.72", "154.368", "278.01599999999996", "401.664", "525.312", "648.96", "772.608", "896.256", "1019.904", "1143.552", "1267.2"], "hist_counts": [284, 253, 131, 103, 70, 43, 14, 7, 6, 1]}, "non_numeric": {"count": "", "unique": "", "top": "", "freq": "", "hist_ticks": [], "hist_counts": []}}, "data": [107.52, 93.81, 57.6, 224.91, 340.66, 176.64, 209.55, 462.44, 277.03, 256.73, 576.0, 257.28, 188.71, 164.02, 155.25, 216.14, 133.3, 646.22, 140.43, 244.66]}, {"name": "I", "data_type": "real", "logical_types": [], "datetime_format": "", "stats": {"is_numeric": true, "num_classes": 0, "numeric": {"count": 912, "mean": 180.58002192982428, "std": 99.71021619588673, "min": 25.25, "max": 590.73, "unique": 518, "freq": 6, "hist_ticks": ["25.25", "81.798", "138.346", "194.894", "251.442", "307.99", "364.538", "421.086", "477.634", "534.182", "590.73"], "hist_counts": [158, 213, 174, 151, 110, 64, 26, 8, 6, 2]}, "non_numeric": {"count": "", "unique": "", "top": "", "freq": "", "hist_ticks": [], "hist_counts": []}}, "data": [146.25, 134.82, 90.99, 197.23, 194.37, 145.78, 119.57, 198.66, 187.22, 269.16, 555.95, 259.63, 272.02, 286.31, 155.3, 162.93, 125.29, 318.71, 142.44, 218.19]}, {"name": "J", "data_type": "real", "logical_types": [], "datetime_format": "", "stats": {"is_numeric": true, "num_classes": 0, "numeric": {"count": 912, "mean": 96.00066885964904, "std": 41.06530782809812, "min": 11.49, "max": 239.93, "unique": 326, "freq": 10, "hist_ticks": ["11.49", "34.334", "57.178000000000004", "80.022", "102.866", "125.71", "148.55400000000003", "171.39800000000002", "194.24200000000002", "217.086", "239.93"], "hist_counts": [38, 136, 189, 167, 178, 106, 49, 34, 13, 2]}, "non_numeric": {"count": "", "unique": "", "top": "", "freq": "", "hist_ticks": [], "hist_counts": []}}, "data": [89.63, 113.07, 73.54, 117.67, 110.77, 97.44, 96.98, 142.49, 128.24, 146.17, 215.11, 142.49, 147.08, 158.58, 106.64, 119.05, 125.94, 182.02, 103.88, 159.95]}, {"name": "K", "data_type": "real", "logical_types": [], "datetime_format": "", "stats": {"is_numeric": true, "num_classes": 0, "numeric": {"count": 912, "mean": 202.75608552631576, "std": 113.89688605316377, "min": 21.48, "max": 751.77, "unique": 436, "freq": 7, "hist_ticks": ["21.48", "94.509", "167.53799999999998", "240.56699999999998", "313.596", "386.625", "459.654", "532.683", "605.712", "678.741", "751.77"], "hist_counts": [130, 300, 199, 153, 73, 26, 13, 11, 3, 4]}, "non_numeric": {"count": "", "unique": "", "top": "", "freq": "", "hist_ticks": [], "hist_counts": []}}, "data": [234.26, 298.69, 154.38, 271.17, 239.63, 238.28, 218.15, 226.87, 265.8, 275.87, 540.34, 255.74, 399.38, 494.02, 251.04, 226.87, 301.38, 270.5, 438.98, 636.32]}, {"name": "L", "data_type": "real", "logical_types": [], "datetime_format": "", "stats": {"is_numeric": true, "num_classes": 158, "numeric": {"count": 912, "mean": 73.88369517543858, "std": 35.2256344147292, "min": 16.8, "max": 222.36, "unique": 158, "freq": 21, "hist_ticks": ["16.8", "37.356", "57.912000000000006", "78.468", "99.024", "119.58", "140.13600000000002", "160.692", "181.24800000000002", "201.80400000000003", "222.36"], "hist_counts": [113, 258, 190, 161, 96, 49, 21, 15, 5, 4]}, "non_numeric": {"count": "", "unique": "", "top": "", "freq": "", "hist_ticks": [], "hist_counts": []}}, "data": [81.04, 83.02, 51.39, 85.98, 84.0, 76.1, 73.13, 82.03, 88.95, 89.93, 177.89, 83.02, 126.5, 150.22, 76.1, 75.11, 92.9, 94.87, 130.45, 190.74]}, {"name": "M", "data_type": "real", "logical_types": [], "datetime_format": "", "stats": {"is_numeric": true, "num_classes": 0, "numeric": {"count": 912, "mean": 1266.2135964912295, "std": 786.6967005953159, "min": 114.73, "max": 5697.31, "unique": 737, "freq": 4, "hist_ticks": ["114.73", "672.988", "1231.246", "1789.5040000000001", "2347.762", "2906.02", "3464.2780000000002", "4022.5360000000005", "4580.794", "5139.052", "5697.31"], "hist_counts": [213, 312, 193, 107, 43, 28, 9, 5, 1, 1]}, "non_numeric": {"count": "", "unique": "", "top": "", "freq": "", "hist_ticks": [], "hist_counts": []}}, "data": [918.96, 1392.78, 759.49, 1914.78, 1443.26, 1840.21, 1212.66, 1884.95, 1845.95, 2710.98, 4459.42, 3262.82, 2783.26, 2020.33, 3025.34, 995.83, 2039.84, 2188.98, 2527.42, 3278.88]}, {"name": "N", "data_type": "real", "logical_types": [], "datetime_format": "", "stats": {"is_numeric": true, "num_classes": 0, "numeric": {"count": 912, "mean": 281.98254385964987, "std": 190.91863965071437, "min": 34.32, "max": 1404.0, "unique": 453, "freq": 8, "hist_ticks": ["34.32", "171.288", "308.25600000000003", "445.22400000000005", "582.1920000000001", "719.1600000000002", "856.1280000000002", "993.0960000000001", "1130.064", "1267.0320000000002", "1404.0"], "hist_counts": [296, 296, 172, 76, 39, 23, 3, 5, 1, 1]}, "non_numeric": {"count": "", "unique": "", "top": "", "freq": "", "hist_ticks": [], "hist_counts": []}}, "data": [218.4, 331.76, 302.64, 495.04, 252.72, 463.84, 265.2, 490.88, 371.28, 843.44, 1404.0, 1037.92, 605.28, 494.0, 1045.2, 178.88, 427.44, 319.28, 631.28, 664.56]}, {"name": "O", "data_type": "real", "logical_types": [], "datetime_format": "", "stats": {"is_numeric": true, "num_classes": 0, "numeric": {"count": 912, "mean": 195.7857565789472, "std": 109.93072629742227, "min": 27.97, "max": 708.02, "unique": 369, "freq": 9, "hist_ticks": ["27.97", "95.975", "163.98", "231.98499999999999", "299.99", "367.995", "436.0", "504.005", "572.01", "640.015", "708.02"], "hist_counts": [137, 293, 231, 114, 69, 31, 20, 6, 8, 3]}, "non_numeric": {"count": "", "unique": "", "top": "", "freq": "", "hist_ticks": [], "hist_counts": []}}, "data": [208.91, 320.79, 190.55, 319.05, 249.12, 333.03, 249.99, 332.16, 291.07, 312.05, 457.15, 350.51, 416.07, 379.36, 475.51, 190.55, 407.33, 238.63, 580.4, 639.84]}, {"name": "P", "data_type": "real", "logical_types": [], "datetime_format": "", "stats": {"is_numeric": true, "num_classes": 0, "numeric": {"count": 912, "mean": 106.74616228070157, "std": 61.5613100317873, "min": 15.97, "max": 386.55, "unique": 261, "freq": 15, "hist_ticks": ["15.97", "53.028", "90.086", "127.144", "164.202", "201.26", "238.318", "275.37600000000003", "312.434", "349.492", "386.55"], "hist_counts": [147, 298, 211, 112, 77, 28, 17, 10, 9, 3]}, "non_numeric": {"count": "", "unique": "", "top": "", "freq": "", "hist_ticks": [], "hist_counts": []}}, "data": [101.68, 153.78, 105.88, 178.15, 121.85, 178.99, 134.45, 196.64, 159.66, 170.59, 275.63, 203.36, 213.44, 176.47, 282.35, 91.6, 210.08, 121.85, 315.97, 330.25]}, {"name": "Q", "data_type": "real", "logical_types": [], "datetime_format": "", "stats": {"is_numeric": true, "num_classes": 0, "numeric": {"count": 912, "mean": 220.31303728070174, "std": 130.05205168725502, "min": 19.01, "max": 964.5, "unique": 411, "freq": 9, "hist_ticks": ["19.01", "113.55900000000001", "208.108", "302.65700000000004", "397.206", "491.755", "586.3040000000001", "680.8530000000001", "775.402", "869.951", "964.5"], "hist_counts": [167, 331, 221, 107, 45, 23, 9, 6, 1, 2]}, "non_numeric": {"count": "", "unique": "", "top": "", "freq": "", "hist_ticks": [], "hist_counts": []}}, "data": [204.83, 361.26, 235.08, 386.32, 241.13, 374.22, 260.14, 335.33, 322.36, 403.6, 676.71, 472.74, 496.08, 405.33, 685.35, 191.86, 405.33, 254.09, 712.14, 651.64]}, {"name": "R", "data_type": "real", "logical_types": [], "datetime_format": "", "stats": {"is_numeric": true, "num_classes": 0, "numeric": {"count": 912, "mean": 480.50608552631553, "std": 318.3646720532187, "min": 30.62, "max": 2347.44, "unique": 559, "freq": 6, "hist_ticks": ["30.62", "262.302", "493.98400000000004", "725.666", "957.3480000000001", "1189.03", "1420.712", "1652.394", "1884.076", "2115.758", "2347.44"], "hist_counts": [244, 318, 184, 96, 40, 15, 8, 4, 1, 2]}, "non_numeric": {"count": "", "unique": "", "top": "", "freq": "", "hist_ticks": [], "hist_counts": []}}, "data": [464.07, 824.49, 557.12, 908.12, 494.69, 842.16, 593.63, 780.91, 732.62, 895.16, 1656.05, 1110.71, 1232.02, 924.61, 1800.92, 402.82, 911.65, 504.12, 1694.92, 1467.59]}, {"name": "Label", "data_type": "int", "logical_types": [], "datetime_format": "", "stats": {"is_numeric": true, "num_classes": 3, "numeric": {"count": 912, "mean": 2.126096491228071, "std": 0.5116629905770055, "min": 1, "max": 3, "unique": 3, "freq": 659, "hist_ticks": ["1", "2", "3"], "hist_counts": [69, 659, 184]}, "non_numeric": {"count": "", "unique": "", "top": "", "freq": "", "hist_ticks": [], "hist_counts": []}}, "data": [3, 3, 3, 3, 3, 3, 3, 3, 3, 3, 3, 3, 3, 3, 3, 3, 3, 3, 3, 3]}], "original_frame": "", "aggregated_frame": "./tmp/4f9843c2-5233-11ea-aeb5-0242ac110002/dataset/aggregated", "mapping_frame": "./tmp/4f9843c2-5233-11ea-aeb5-0242ac110002/dataset/mapping", "uploaded": true}, "train_dt": "Frame", "train_entity": "LoadDatasetResult", "train_entity_dataset_name": "combined_cleaned_jal1.csv", "train_shape": [912, 19], "unavailable_columns_at_prediction_time": [], "username": "training", "valid_data": null, "valid_data_name": null, "valid_shape": null, "var_check_distribution_shift": false, "var_check_distribution_shift_drop": true, "var_check_leakage_drop": false, "weight_column": null}