{
    "Coefficient": {
        "13_N": 2315.6831054688,
        "5_F": 3108.3569335938,
        "6_G": 5918.71484375,
        "7_H": 2772.0810546875,
        "86_I": 2551.6311035156,
        "9_J": 2021.0310058594
    },
    "Standard Deviation of Coefficient": {
        "13_N": 63.4316940308,
        "5_F": 57.1445922852,
        "6_G": 94.966583252,
        "7_H": 63.0609359741,
        "86_I": 64.5272369385,
        "9_J": 39.783531189
    },
    "Description": {
        "13_N": "N (Orig)",
        "5_F": "F (Orig)",
        "6_G": "G (Orig)",
        "7_H": "H (Orig)",
        "86_I": "I (Orig)",
        "9_J": "J (Orig)"
    },
    "Feature": {
        "13_N": "13_N",
        "5_F": "5_F",
        "6_G": "6_G",
        "7_H": "7_H",
        "86_I": "86_I",
        "9_J": "9_J"
    }
}