{
    "index": {
        "0": 0
    },
    "MCC": {
        "0": "0.6134868"
    },
    "MACROAUC": {
        "0": "0.7664453"
    },
    "GINI": {
        "0": "0.7842786"
    },
    "F2": {
        "0": "0.7423246"
    },
    "F1": {
        "0": "0.7423246"
    },
    "F05": {
        "0": "0.7423246"
    },
    "AUCPR": {
        "0": "0.7856038"
    },
    "AUC": {
        "0": "0.8921393"
    },
    "ACCURACY": {
        "0": "0.7423246"
    },
    "LOGLOSS": {
        "0": "0.6158644"
    }
}