{
    "Optimized": {
        "MCC": "",
        "MACROAUC": "",
        "GINI": "",
        "F2": "",
        "F1": "",
        "F05": "",
        "AUCPR": "",
        "AUC": "",
        "ACCURACY": "",
        "LOGLOSS": "*"
    },
    "Better score is": {
        "MCC": "higher",
        "MACROAUC": "higher",
        "GINI": "higher",
        "F2": "higher",
        "F1": "higher",
        "F05": "higher",
        "AUCPR": "higher",
        "AUC": "higher",
        "ACCURACY": "higher",
        "LOGLOSS": "lower"
    },
    "Final ensemble scores on validation (internal or external holdout(s)) data": {
        "MCC": "0.6152012",
        "MACROAUC": "0.7702322",
        "GINI": "0.7873455",
        "F2": "0.7438699",
        "F1": "0.7434674",
        "F05": "0.7434674",
        "AUCPR": "0.789973",
        "AUC": "0.8936727",
        "ACCURACY": "0.7434674",
        "LOGLOSS": "0.6121613"
    },
    "Final ensemble standard deviation on validation (internal or external holdout(s)) data": {
        "MCC": "0.02329956",
        "MACROAUC": "0.01850286",
        "GINI": "0.01765933",
        "F2": "0.01476829",
        "F1": "0.01553304",
        "F05": "0.01553304",
        "AUCPR": "0.01766201",
        "AUC": "0.008829667",
        "ACCURACY": "0.01553304",
        "LOGLOSS": "0.0254355"
    },
    "Final test scores": {
        "MCC": "0.6734694",
        "MACROAUC": "0.9050307",
        "GINI": "0.8455736",
        "F2": "0.7823129",
        "F1": "0.7823129",
        "F05": "0.7823129",
        "AUCPR": "0.8391282",
        "AUC": "0.9227868",
        "ACCURACY": "0.7823129",
        "LOGLOSS": "0.5582777"
    },
    "Final test standard deviation": {
        "MCC": "0.05202754",
        "MACROAUC": "0.03506663",
        "GINI": "0.03304355",
        "F2": "0.03468503",
        "F1": "0.03468503",
        "F05": "0.03468503",
        "AUCPR": "0.03562974",
        "AUC": "0.01652178",
        "ACCURACY": "0.03468503",
        "LOGLOSS": "0.02713551"
    }
}