{
    "index": {
        "0": 0,
        "1": 1,
        "2": 2,
        "3": 3,
        "4": 4,
        "5": 5
    },
    "fold_id": {
        "0": 0,
        "1": 1,
        "2": 2,
        "3": 0,
        "4": 1,
        "5": 2
    },
    "model_id": {
        "0": 0,
        "1": 0,
        "2": 0,
        "3": 1,
        "4": 1,
        "5": 1
    },
    "accuracy": {
        "0": 8,
        "1": 8,
        "2": 8,
        "3": 8,
        "4": 8,
        "5": 8
    },
    "booster": {
        "0": "gbtree",
        "1": "gbtree",
        "2": "gbtree",
        "3": "gbtree",
        "4": "gbtree",
        "5": "gbtree"
    },
    "colsample_bytree": {
        "0": 0.5,
        "1": 0.5,
        "2": 0.5,
        "3": 0.5,
        "4": 0.5,
        "5": 0.5
    },
    "debug_verbose": {
        "0": 0,
        "1": 0,
        "2": 0,
        "3": 0,
        "4": 0,
        "5": 0
    },
    "disable_gpus": {
        "0": false,
        "1": false,
        "2": false,
        "3": false,
        "4": false,
        "5": false
    },
    "dummy": {
        "0": false,
        "1": false,
        "2": false,
        "3": false,
        "4": false,
        "5": false
    },
    "early_stopping_rounds": {
        "0": 200,
        "1": 200,
        "2": 200,
        "3": 200,
        "4": 200,
        "5": 200
    },
    "early_stopping_threshold": {
        "0": 0,
        "1": 0,
        "2": 0,
        "3": 0,
        "4": 0,
        "5": 0
    },
    "encoder": {
        "0": "",
        "1": "",
        "2": "",
        "3": "",
        "4": "",
        "5": ""
    },
    "ensemble_level": {
        "0": 2,
        "1": 2,
        "2": 2,
        "3": 2,
        "4": 2,
        "5": 2
    },
    "eval_metric": {
        "0": "mlogloss",
        "1": "mlogloss",
        "2": "mlogloss",
        "3": "mlogloss",
        "4": "mlogloss",
        "5": "mlogloss"
    },
    "gamma": {
        "0": 0.001,
        "1": 0.001,
        "2": 0.001,
        "3": 0.0,
        "4": 0.0,
        "5": 0.0
    },
    "gpu_id": {
        "0": 0,
        "1": 0,
        "2": 0,
        "3": 0,
        "4": 0,
        "5": 0
    },
    "grow_policy": {
        "0": "depthwise",
        "1": "depthwise",
        "2": "depthwise",
        "3": "depthwise",
        "4": "depthwise",
        "5": "depthwise"
    },
    "interpretability": {
        "0": 8,
        "1": 8,
        "2": 8,
        "3": 8,
        "4": 8,
        "5": 8
    },
    "labels": {
        "0": "[1, 2, 3]",
        "1": "[1, 2, 3]",
        "2": "[1, 2, 3]",
        "3": "[1, 2, 3]",
        "4": "[1, 2, 3]",
        "5": "[1, 2, 3]"
    },
    "learning_rate": {
        "0": 0.02,
        "1": 0.02,
        "2": 0.02,
        "3": 0.02,
        "4": 0.02,
        "5": 0.02
    },
    "lossguide": {
        "0": false,
        "1": false,
        "2": false,
        "3": false,
        "4": false,
        "5": false
    },
    "max_bin": {
        "0": 64,
        "1": 64,
        "2": 64,
        "3": 64,
        "4": 64,
        "5": 64
    },
    "max_delta_step": {
        "0": 0.0,
        "1": 0.0,
        "2": 0.0,
        "3": 0.0,
        "4": 0.0,
        "5": 0.0
    },
    "max_depth": {
        "0": 3,
        "1": 3,
        "2": 3,
        "3": 3,
        "4": 3,
        "5": 3
    },
    "max_leaves": {
        "0": 0,
        "1": 0,
        "2": 0,
        "3": 0,
        "4": 0,
        "5": 0
    },
    "min_child_weight": {
        "0": 1,
        "1": 1,
        "2": 1,
        "3": 1,
        "4": 1,
        "5": 1
    },
    "model_class_name": {
        "0": "XGBoostGBMModel",
        "1": "XGBoostGBMModel",
        "2": "XGBoostGBMModel",
        "3": "XGBoostGBMModel",
        "4": "XGBoostGBMModel",
        "5": "XGBoostGBMModel"
    },
    "model_origin": {
        "0": "RANDOM",
        "1": "RANDOM",
        "2": "RANDOM",
        "3": "RANDOM",
        "4": "RANDOM",
        "5": "RANDOM"
    },
    "monotonicity_constraints": {
        "0": false,
        "1": false,
        "2": false,
        "3": false,
        "4": false,
        "5": false
    },
    "n_estimators": {
        "0": 1800,
        "1": 1800,
        "2": 1800,
        "3": 1800,
        "4": 1800,
        "5": 1800
    },
    "n_gpus": {
        "0": 1,
        "1": 1,
        "2": 1,
        "3": 1,
        "4": 1,
        "5": 1
    },
    "n_jobs": {
        "0": 2,
        "1": 2,
        "2": 2,
        "3": 2,
        "4": 2,
        "5": 2
    },
    "num_class": {
        "0": 3,
        "1": 3,
        "2": 3,
        "3": 3,
        "4": 3,
        "5": 3
    },
    "num_classes": {
        "0": 3,
        "1": 3,
        "2": 3,
        "3": 3,
        "4": 3,
        "5": 3
    },
    "objective": {
        "0": "multi:softprob",
        "1": "multi:softprob",
        "2": "multi:softprob",
        "3": "multi:softprob",
        "4": "multi:softprob",
        "5": "multi:softprob"
    },
    "pred_gap": {
        "0": "",
        "1": "",
        "2": "",
        "3": "",
        "4": "",
        "5": ""
    },
    "pred_periods": {
        "0": "",
        "1": "",
        "2": "",
        "3": "",
        "4": "",
        "5": ""
    },
    "random_state": {
        "0": 1245006459,
        "1": 1245006459,
        "2": 1245006459,
        "3": 1245006459,
        "4": 1245006459,
        "5": 1245006459
    },
    "reg_alpha": {
        "0": 0.0,
        "1": 0.0,
        "2": 0.0,
        "3": 0.0,
        "4": 0.0,
        "5": 0.0
    },
    "reg_lambda": {
        "0": 5.0,
        "1": 5.0,
        "2": 5.0,
        "3": 10.0,
        "4": 10.0,
        "5": 10.0
    },
    "scale_pos_weight": {
        "0": 1.0,
        "1": 1.0,
        "2": 1.0,
        "3": 1.0,
        "4": 1.0,
        "5": 1.0
    },
    "score_f_name": {
        "0": "LOGLOSS",
        "1": "LOGLOSS",
        "2": "LOGLOSS",
        "3": "LOGLOSS",
        "4": "LOGLOSS",
        "5": "LOGLOSS"
    },
    "seed": {
        "0": 1245006459,
        "1": 1245006459,
        "2": 1245006459,
        "3": 1245006459,
        "4": 1245006459,
        "5": 1245006459
    },
    "silent": {
        "0": true,
        "1": true,
        "2": true,
        "3": true,
        "4": true,
        "5": true
    },
    "subsample": {
        "0": 1,
        "1": 1,
        "2": 1,
        "3": 1,
        "4": 1,
        "5": 1
    },
    "target": {
        "0": "",
        "1": "",
        "2": "",
        "3": "",
        "4": "",
        "5": ""
    },
    "tgc": {
        "0": "",
        "1": "",
        "2": "",
        "3": "",
        "4": "",
        "5": ""
    },
    "time_column": {
        "0": "",
        "1": "",
        "2": "",
        "3": "",
        "4": "",
        "5": ""
    },
    "time_tolerance": {
        "0": 3,
        "1": 3,
        "2": 3,
        "3": 3,
        "4": 3,
        "5": 3
    },
    "train_shape": {
        "0": [
            912,
            19
        ],
        "1": [
            912,
            19
        ],
        "2": [
            912,
            19
        ],
        "3": [
            912,
            19
        ],
        "4": [
            912,
            19
        ],
        "5": [
            912,
            19
        ]
    },
    "tree_method": {
        "0": "gpu_hist",
        "1": "gpu_hist",
        "2": "gpu_hist",
        "3": "gpu_hist",
        "4": "gpu_hist",
        "5": "gpu_hist"
    },
    "tsp": {
        "0": "",
        "1": "",
        "2": "",
        "3": "",
        "4": "",
        "5": ""
    },
    "valid_shape": {
        "0": "",
        "1": "",
        "2": "",
        "3": "",
        "4": "",
        "5": ""
    }
}