{
    "index": {
        "0": 0,
        "1": 1,
        "2": 2
    },
    "Fold": {
        "0": 0,
        "1": 1,
        "2": 2
    },
    "Train rows": {
        "0": 607,
        "1": 608,
        "2": 609
    },
    "Validation rows": {
        "0": 305,
        "1": 304,
        "2": 303
    },
    "Validation score": {
        "0": "0.606952 +/- 0.02400821",
        "1": "0.6063199 +/- 0.02660267",
        "2": "0.623212 +/- 0.02569562"
    },
    "MCC": {
        "0": "0.626897 +/- 0.01993352",
        "1": "0.6140742 +/- 0.02569505",
        "2": "0.6046322 +/- 0.02427013"
    },
    "MACROAUC": {
        "0": "0.7719343 +/- 0.01775114",
        "1": "0.7751609 +/- 0.01674333",
        "2": "0.7636015 +/- 0.02101412"
    },
    "GINI": {
        "0": "0.7913553 +/- 0.0157428",
        "1": "0.7896656 +/- 0.01737762",
        "2": "0.7810154 +/- 0.01985759"
    },
    "F2": {
        "0": "0.7512646 +/- 0.01328901",
        "1": "0.7432432 +/- 0.01601302",
        "2": "0.7371018 +/- 0.01500284"
    },
    "F1": {
        "0": "0.7512646 +/- 0.01328901",
        "1": "0.7427162 +/- 0.01713003",
        "2": "0.7364215 +/- 0.01618009"
    },
    "F05": {
        "0": "0.7512646 +/- 0.01328901",
        "1": "0.7427162 +/- 0.01713003",
        "2": "0.7364215 +/- 0.01618009"
    },
    "AUCPR": {
        "0": "0.7965015 +/- 0.01532918",
        "1": "0.7938749 +/- 0.01721369",
        "2": "0.7795427 +/- 0.02044315"
    },
    "AUC": {
        "0": "0.8956777 +/- 0.007871398",
        "1": "0.8948328 +/- 0.008688809",
        "2": "0.8905077 +/- 0.009928796"
    },
    "ACCURACY": {
        "0": "0.7512646 +/- 0.01328901",
        "1": "0.7427162 +/- 0.01713003",
        "2": "0.7364215 +/- 0.01618009"
    },
    "LOGLOSS": {
        "0": "0.606952 +/- 0.02400821",
        "1": "0.6063199 +/- 0.02660267",
        "2": "0.623212 +/- 0.02569562"
    }
}