{
    "Coefficient": {
        "13_N": 1127.2659912109,
        "5_F": 2932.1010742188,
        "6_G": 6513.6079101562,
        "7_H": 3610.546875,
        "86_I": 1234.9000244141,
        "9_J": 2849.505859375
    },
    "Standard Deviation of Coefficient": {
        "13_N": 98.3667602539,
        "5_F": 95.5658798218,
        "6_G": 151.2277679443,
        "7_H": 83.3365020752,
        "86_I": 32.752658844,
        "9_J": 121.9465332031
    },
    "Description": {
        "13_N": "N (Orig)",
        "5_F": "F (Orig)",
        "6_G": "G (Orig)",
        "7_H": "H (Orig)",
        "86_I": "I (Orig)",
        "9_J": "J (Orig)"
    },
    "Feature": {
        "13_N": "13_N",
        "5_F": "5_F",
        "6_G": "6_G",
        "7_H": "7_H",
        "86_I": "86_I",
        "9_J": "9_J"
    }
}