{
    "Relative Importance": {
        "G": 1.0,
        "H": 0.5543082952,
        "F": 0.4501500726,
        "J": 0.4374696612,
        "I": 0.1895877123,
        "N": 0.1730632186,
        "A": 0.0,
        "B": 0.0,
        "C": 0.0,
        "D": 0.0,
        "E": 0.0,
        "K": 0.0,
        "L": 0.0,
        "M": 0.0,
        "O": 0.0,
        "P": 0.0,
        "Q": 0.0,
        "R": 0.0
    },
    "Standard Deviation of Relative Importance": {
        "G": 0.0,
        "H": 0.0,
        "F": 0.0,
        "J": 0.0,
        "I": 0.0,
        "N": 0.0,
        "A": 0.0,
        "B": 0.0,
        "C": 0.0,
        "D": 0.0,
        "E": 0.0,
        "K": 0.0,
        "L": 0.0,
        "M": 0.0,
        "O": 0.0,
        "P": 0.0,
        "Q": 0.0,
        "R": 0.0
    },
    "Original Feature": {
        "G": "G",
        "H": "H",
        "F": "F",
        "J": "J",
        "I": "I",
        "N": "N",
        "A": "A",
        "B": "B",
        "C": "C",
        "D": "D",
        "E": "E",
        "K": "K",
        "L": "L",
        "M": "M",
        "O": "O",
        "P": "P",
        "Q": "Q",
        "R": "R"
    }
}