{
    "Relative Importance": {
        "6_G": 1.0,
        "5_F": 0.4799708724,
        "7_H": 0.4761975706,
        "9_J": 0.4260219336,
        "86_I": 0.2108057886,
        "13_N": 0.1913126856
    },
    "Standard Deviation of Relative Importance": {
        "6_G": 0.0,
        "5_F": 0.0625488535,
        "7_H": 0.0108469343,
        "9_J": 0.1170037612,
        "86_I": 0.0,
        "13_N": 0.0
    },
    "Description": {
        "6_G": "G (Orig)",
        "5_F": "F (Orig)",
        "7_H": "H (Orig)",
        "9_J": "J (Orig)",
        "86_I": "I (Orig)",
        "13_N": "N (Orig)"
    },
    "Feature": {
        "6_G": "6_G",
        "5_F": "5_F",
        "7_H": "7_H",
        "9_J": "9_J",
        "86_I": "86_I",
        "13_N": "13_N"
    }
}