{
    "Relative Importance": {
        "6_G": 1.0,
        "7_H": 0.5543082952,
        "5_F": 0.4501500726,
        "9_J": 0.4374696612,
        "86_I": 0.1895877123,
        "13_N": 0.1730632186
    },
    "Standard Deviation of Relative Importance": {
        "6_G": 0.0,
        "7_H": 0.0614754893,
        "5_F": 0.1520923525,
        "9_J": 0.1318008304,
        "86_I": 0.0862142444,
        "13_N": 0.1538212746
    },
    "Description": {
        "6_G": "G (Orig)",
        "7_H": "H (Orig)",
        "5_F": "F (Orig)",
        "9_J": "J (Orig)",
        "86_I": "I (Orig)",
        "13_N": "N (Orig)"
    },
    "Feature": {
        "6_G": "6_G",
        "7_H": "7_H",
        "5_F": "5_F",
        "9_J": "9_J",
        "86_I": "86_I",
        "13_N": "13_N"
    }
}