{
    "Relative Importance": {
        "6_G": 1.0,
        "5_F": 0.5251743197,
        "7_H": 0.4683586061,
        "86_I": 0.431112349,
        "13_N": 0.3912476301,
        "9_J": 0.3414644897
    },
    "Standard Deviation of Relative Importance": {
        "6_G": 0.0,
        "5_F": 0.1022788137,
        "7_H": 0.044524923,
        "86_I": 0.0990603939,
        "13_N": 0.1000988036,
        "9_J": 0.0686590895
    },
    "Description": {
        "6_G": "G (Orig)",
        "5_F": "F (Orig)",
        "7_H": "H (Orig)",
        "86_I": "I (Orig)",
        "13_N": "N (Orig)",
        "9_J": "J (Orig)"
    },
    "Feature": {
        "6_G": "6_G",
        "5_F": "5_F",
        "7_H": "7_H",
        "86_I": "86_I",
        "13_N": "13_N",
        "9_J": "9_J"
    }
}