{
    "Coefficient": {
        "A": 0.4714219272,
        "B": 0.5173278451,
        "C": 0.4584802985,
        "D": 0.4270089269,
        "E": 0.5367050171,
        "F": 0.7566372752,
        "G": 1.0,
        "H": 0.7579661608,
        "I": 0.5066100359,
        "J": 0.5028002858,
        "K": 0.4562768638,
        "L": 0.3896553516,
        "M": 0.4868870676,
        "N": 0.4911836684,
        "O": 0.4236191213,
        "P": 0.3063570559,
        "Q": 0.3509344757,
        "R": 0.527248919
    },
    "Standard Deviation of Coefficient": {
        "A": 0.0,
        "B": 0.0,
        "C": 0.0,
        "D": 0.0,
        "E": 0.0,
        "F": 0.0,
        "G": 0.0,
        "H": 0.0,
        "I": 0.0,
        "J": 0.0,
        "K": 0.0,
        "L": 0.0,
        "M": 0.0,
        "N": 0.0,
        "O": 0.0,
        "P": 0.0,
        "Q": 0.0,
        "R": 0.0
    },
    "Feature": {
        "A": "A",
        "B": "B",
        "C": "C",
        "D": "D",
        "E": "E",
        "F": "F",
        "G": "G",
        "H": "H",
        "I": "I",
        "J": "J",
        "K": "K",
        "L": "L",
        "M": "M",
        "N": "N",
        "O": "O",
        "P": "P",
        "Q": "Q",
        "R": "R"
    }
}