{
    "Relative Importance": {
        "A": null,
        "B": null,
        "C": null,
        "D": null,
        "E": null,
        "F": null,
        "G": null,
        "H": null,
        "I": null,
        "J": null,
        "K": null,
        "L": null,
        "M": null,
        "N": null,
        "O": null,
        "P": null,
        "Q": null,
        "R": null
    },
    "Standard Deviation of Relative Importance": {
        "A": null,
        "B": null,
        "C": null,
        "D": null,
        "E": null,
        "F": null,
        "G": null,
        "H": null,
        "I": null,
        "J": null,
        "K": null,
        "L": null,
        "M": null,
        "N": null,
        "O": null,
        "P": null,
        "Q": null,
        "R": null
    },
    "Original Feature": {
        "A": "A",
        "B": "B",
        "C": "C",
        "D": "D",
        "E": "E",
        "F": "F",
        "G": "G",
        "H": "H",
        "I": "I",
        "J": "J",
        "K": "K",
        "L": "L",
        "M": "M",
        "N": "N",
        "O": "O",
        "P": "P",
        "Q": "Q",
        "R": "R"
    }
}