{
    "Relative Importance": {
        "Q": 1.0,
        "R": 0.9426500797,
        "K": 0.6384738684,
        "H": 0.5511521697,
        "G": 0.5391864777,
        "J": 0.4592693448,
        "O": 0.4501241744,
        "N": 0.3935913444,
        "I": 0.3344844282,
        "L": 0.3330450356,
        "E": 0.2809595764,
        "M": 0.2592360377,
        "P": 0.2177238166,
        "D": 0.1599995047,
        "F": 0.1347272247,
        "B": 0.1168724671,
        "C": 0.1151612252,
        "A": 0.10857898
    },
    "Standard Deviation of Relative Importance": {
        "Q": 0.0,
        "R": 0.0,
        "K": 0.0,
        "H": 0.0,
        "G": 0.0,
        "J": 0.0,
        "O": 0.0,
        "N": 0.0,
        "I": 0.0,
        "L": 0.0,
        "E": 0.0,
        "M": 0.0,
        "P": 0.0,
        "D": 0.0,
        "F": 0.0,
        "B": 0.0,
        "C": 0.0,
        "A": 0.0
    },
    "Feature": {
        "Q": "Q",
        "R": "R",
        "K": "K",
        "H": "H",
        "G": "G",
        "J": "J",
        "O": "O",
        "N": "N",
        "I": "I",
        "L": "L",
        "E": "E",
        "M": "M",
        "P": "P",
        "D": "D",
        "F": "F",
        "B": "B",
        "C": "C",
        "A": "A"
    }
}