{"aborted": false, "accuracy": 8, "auto_dl_failure": null, "baseline_score": 0.6497566402577564, "baseline_sd": 0.030598217339044106, "class_str": "3-class", "classes": 3, "classification": true, "disable_gpus": false, "exceptional": false, "experiment_description": "kamokoko", "experiment_id": "d92382dc-5233-11ea-aeb5-0242ac110002", "full_feature_desc": {"13_N": "N (Orig)", "5_F": "F (Orig)", "6_G": "G (Orig)", "7_H": "H (Orig)", "86_I": "I (Orig)", "9_J": "J (Orig)", "98_J": "J (Orig)"}, "giga": 1073741824, "holdout": "holdouts (3-fold CV)", "host_memory_in_bytes": 64389029888, "host_memory_in_gb": 60, "interpretability": 8, "iter_num": 53, "max_cpu_memory_usage": 932457472, "max_gpu_memory_usage": 658505728.0, "mojo_latency_ms": 0.28168, "mojo_msg": "10.34 secs", "mojo_name": "Mojo scorer building", "mojo_size": 2671973, "name_dict": {"length": 10.339050769805908, "models": 0, "expected_models": 0}, "ncol_effective": 18, "ngpus": 1, "num_cpus": 4, "num_folds": 3, "num_individuals": 8, "num_validation_splits": 9, "only_first_fold_model": false, "python_msg": "99.80 secs", "python_name": "Python scorer building", "scheme": "stratified", "score_f_name": "LOGLOSS", "seed": 159502205, "system": "Docker/Linux", "target": "Label", "target_fraction": null, "test_data_name": "coupled_data.csv", "test_dt_shape": [148, 18], "test_score": 0.5582776897821297, "test_sd": 0.0271355119493842, "time_column": null, "time_tolerance": 3, "timers_dict": {"Data preparation": "15.03 secs", "Shift/Leakage detection": "19.56 secs", "Model and feature tuning": "600.69 secs (199 of 288 models trained)", "Feature evolution": "3204.45 secs (981 of 1152 models trained)", "Final pipeline training": "76.12 secs (6 models trained)", "Python scorer building": "99.80 secs", "Mojo scorer building": "10.34 secs"}, "timers_dict_for_json": {"Data preparation": {"length": 15.025372743606567, "models": 0, "expected_models": 0}, "Shift/Leakage detection": {"length": 19.555732011795044, "models": 0, "expected_models": 0}, "Model and feature tuning": {"length": 600.6942808628082, "models": 199, "expected_models": 288}, "Feature evolution": {"length": 3204.446187734604, "models": 981, "expected_models": 1152}, "Final pipeline training": {"length": 76.12230515480042, "models": 6, "expected_models": 6}, "Python scorer building": {"length": 99.8049647808075, "models": 0, "expected_models": 0}, "Mojo scorer building": {"length": 10.339050769805908, "models": 0, "expected_models": 0}}, "tmp_dir": "./tmp/h2oai_experiment_d92382dc-5233-11ea-aeb5-0242ac110002", "total_num_features_created": 89, "train_data_name": "combined_cleaned_jal1.csv", "train_df_shape": [912, 19], "transform": "", "tt": "Timer", "valid_data_name": "[Valid]", "valid_dt_shape": null, "valid_score": 0.6121613046087586, "valid_sd": 0.025435498135661015, "valid_threshold": 0.3756461265135785, "validation": "internal", "MCC": {"valid_score": 0.615201150854331, "valid_sd": 0.023299564303662562, "maximize": true}, "MACROAUC": {"valid_score": 0.7702322325413652, "valid_sd": 0.018502862885638485, "maximize": true}, "GINI": {"valid_score": 0.7873454512662477, "valid_sd": 0.01765933445914369, "maximize": true}, "F2": {"valid_score": 0.7438698536427131, "valid_sd": 0.014768289261200994, "maximize": true}, "F1": {"valid_score": 0.7434674339028874, "valid_sd": 0.015533042869108374, "maximize": true}, "F05": {"valid_score": 0.7434674339028874, "valid_sd": 0.015533042869108374, "maximize": true}, "AUCPR": {"valid_score": 0.7899730286477564, "valid_sd": 0.017662009400288767, "maximize": true}, "AUC": {"valid_score": 0.8936727256331238, "valid_sd": 0.008829667229571845, "maximize": true}, "ACCURACY": {"valid_score": 0.7434674339028874, "valid_sd": 0.015533042869108374, "maximize": true}, "LOGLOSS": {"valid_score": 0.6121613046087586, "valid_sd": 0.025435498135661015, "maximize": false}}