{"Data preparation": {"length": 15.025372743606567, "models": 0, "expected_models": 0}, "Shift/Leakage detection": {"length": 19.555732011795044, "models": 0, "expected_models": 0}, "Model and feature tuning": {"length": 600.6942808628082, "models": 199, "expected_models": 288}, "Feature evolution": {"length": 3204.446187734604, "models": 981, "expected_models": 1152}, "Final pipeline training": {"length": 76.12230515480042, "models": 6, "expected_models": 6}, "Python scorer building": {"length": 99.8049647808075, "models": 0, "expected_models": 0}, "Mojo scorer building": {"length": 10.339050769805908, "models": 0, "expected_models": 0}}