{
    "job order": {
        "0": 14,
        "1": 13,
        "2": 9,
        "3": 21,
        "4": 10,
        "5": 6,
        "6": 16,
        "7": 17,
        "8": 11,
        "9": 1,
        "10": 7,
        "11": 4,
        "12": 15,
        "13": 2,
        "14": 3,
        "15": 0,
        "16": 20,
        "17": 19,
        "18": 12,
        "19": 8,
        "20": 18,
        "21": -3
    },
    "job status": {
        "0": "PASSED",
        "1": "PASSED",
        "2": "PASSED",
        "3": "PASSED",
        "4": "PASSED",
        "5": "PASSED",
        "6": "PASSED",
        "7": "PASSED",
        "8": "PASSED",
        "9": "PASSED",
        "10": "PASSED",
        "11": "PASSED",
        "12": "PASSED",
        "13": "PASSED",
        "14": "PASSED",
        "15": "PASSED",
        "16": "PASSED",
        "17": "PASSED",
        "18": "PASSED",
        "19": "PASSED",
        "20": "PASSED",
        "21": "Unknown"
    },
    "accuracy": {
        "0": 8,
        "1": 8,
        "2": 8,
        "3": 8,
        "4": 8,
        "5": 8,
        "6": 8,
        "7": 8,
        "8": 8,
        "9": 8,
        "10": 8,
        "11": 8,
        "12": 8,
        "13": 8,
        "14": 8,
        "15": 8,
        "16": 8,
        "17": 8,
        "18": 8,
        "19": 8,
        "20": 8,
        "21": 8
    },
    "booster": {
        "0": "gbtree",
        "1": "gbtree",
        "2": "lightgbm",
        "3": "gbtree",
        "4": "gbtree",
        "5": "lightgbm",
        "6": "lightgbm",
        "7": "lightgbm",
        "8": "lightgbm",
        "9": "lightgbm",
        "10": "lightgbm",
        "11": "lightgbm",
        "12": "gbtree",
        "13": "lightgbm",
        "14": "lightgbm",
        "15": "lightgbm",
        "16": "gbtree",
        "17": "lightgbm",
        "18": "gbtree",
        "19": "gbtree",
        "20": "gbtree",
        "21": "lightgbm"
    },
    "boosting_type": {
        "0": "",
        "1": "",
        "2": "gbdt",
        "3": "",
        "4": "",
        "5": "gbdt",
        "6": "gbdt",
        "7": "gbdt",
        "8": "gbdt",
        "9": "gbdt",
        "10": "gbdt",
        "11": "gbdt",
        "12": "",
        "13": "gbdt",
        "14": "gbdt",
        "15": "gbdt",
        "16": "",
        "17": "gbdt",
        "18": "",
        "19": "",
        "20": "",
        "21": "gbdt"
    },
    "colsample_bytree": {
        "0": 0.6,
        "1": 0.6,
        "2": 0.45,
        "3": 0.9,
        "4": 0.8,
        "5": 0.8,
        "6": 0.8,
        "7": 0.2,
        "8": 0.65,
        "9": 0.8,
        "10": 0.55,
        "11": 0.8,
        "12": 0.65,
        "13": 0.8,
        "14": 0.8,
        "15": 0.8,
        "16": 0.55,
        "17": 0.7,
        "18": 0.65,
        "19": 0.65,
        "20": 0.55,
        "21": 0.8
    },
    "debug_verbose": {
        "0": 0,
        "1": 0,
        "2": "",
        "3": 0,
        "4": 0,
        "5": "",
        "6": "",
        "7": "",
        "8": "",
        "9": "",
        "10": "",
        "11": "",
        "12": 0,
        "13": "",
        "14": "",
        "15": "",
        "16": 0,
        "17": "",
        "18": 0,
        "19": 0,
        "20": 0,
        "21": ""
    },
    "disable_gpus": {
        "0": false,
        "1": false,
        "2": false,
        "3": false,
        "4": false,
        "5": false,
        "6": false,
        "7": false,
        "8": false,
        "9": false,
        "10": false,
        "11": false,
        "12": false,
        "13": false,
        "14": false,
        "15": false,
        "16": false,
        "17": false,
        "18": false,
        "19": false,
        "20": false,
        "21": false
    },
    "dummy": {
        "0": false,
        "1": false,
        "2": false,
        "3": false,
        "4": false,
        "5": false,
        "6": false,
        "7": false,
        "8": false,
        "9": false,
        "10": false,
        "11": false,
        "12": false,
        "13": false,
        "14": false,
        "15": false,
        "16": false,
        "17": false,
        "18": false,
        "19": false,
        "20": false,
        "21": false
    },
    "early_stopping_rounds": {
        "0": 30,
        "1": 30,
        "2": 30,
        "3": 30,
        "4": 30,
        "5": 30,
        "6": 30,
        "7": 30,
        "8": 30,
        "9": 30,
        "10": 30,
        "11": 30,
        "12": 30,
        "13": 30,
        "14": 30,
        "15": 30,
        "16": 30,
        "17": 30,
        "18": 30,
        "19": 30,
        "20": 30,
        "21": 30
    },
    "early_stopping_threshold": {
        "0": 1e-05,
        "1": 1e-05,
        "2": "",
        "3": 1e-05,
        "4": 1e-05,
        "5": "",
        "6": "",
        "7": "",
        "8": "",
        "9": "",
        "10": "",
        "11": "",
        "12": 1e-05,
        "13": "",
        "14": "",
        "15": "",
        "16": 1e-05,
        "17": "",
        "18": 1e-05,
        "19": 1e-05,
        "20": 1e-05,
        "21": ""
    },
    "enable_early_stopping_rounds": {
        "0": "",
        "1": "",
        "2": true,
        "3": "",
        "4": "",
        "5": true,
        "6": true,
        "7": true,
        "8": true,
        "9": true,
        "10": true,
        "11": true,
        "12": "",
        "13": true,
        "14": true,
        "15": true,
        "16": "",
        "17": true,
        "18": "",
        "19": "",
        "20": "",
        "21": true
    },
    "ensemble_level": {
        "0": 2,
        "1": 2,
        "2": 2,
        "3": 2,
        "4": 2,
        "5": 2,
        "6": 2,
        "7": 2,
        "8": 2,
        "9": 2,
        "10": 2,
        "11": 2,
        "12": 2,
        "13": 2,
        "14": 2,
        "15": 2,
        "16": 2,
        "17": 2,
        "18": 2,
        "19": 2,
        "20": 2,
        "21": 2
    },
    "eval_metric": {
        "0": "mlogloss",
        "1": "mlogloss",
        "2": "mlogloss",
        "3": "mlogloss",
        "4": "mlogloss",
        "5": "mlogloss",
        "6": "mlogloss",
        "7": "mlogloss",
        "8": "mlogloss",
        "9": "mlogloss",
        "10": "mlogloss",
        "11": "mlogloss",
        "12": "mlogloss",
        "13": "mlogloss",
        "14": "mlogloss",
        "15": "mlogloss",
        "16": "mlogloss",
        "17": "mlogloss",
        "18": "mlogloss",
        "19": "mlogloss",
        "20": "mlogloss",
        "21": "mlogloss"
    },
    "gamma": {
        "0": 0.001,
        "1": 0.1,
        "2": 0.0,
        "3": 0.0,
        "4": 0.0,
        "5": 0.0,
        "6": 0.0,
        "7": 10.0,
        "8": 0.0,
        "9": 0.0,
        "10": 0.001,
        "11": 0.0,
        "12": 0.001,
        "13": 0.0,
        "14": 0.0,
        "15": 0.0,
        "16": 0.0,
        "17": 0.0,
        "18": 10.0,
        "19": 0.0,
        "20": 1.0,
        "21": 0.0
    },
    "gpu_id": {
        "0": 0,
        "1": 0,
        "2": 0,
        "3": 0,
        "4": 0,
        "5": 0,
        "6": 0,
        "7": 0,
        "8": 0,
        "9": 0,
        "10": 0,
        "11": 0,
        "12": 0,
        "13": 0,
        "14": 0,
        "15": 0,
        "16": 0,
        "17": 0,
        "18": 0,
        "19": 0,
        "20": 0,
        "21": 0
    },
    "grow_policy": {
        "0": "depthwise",
        "1": "depthwise",
        "2": "lossguide",
        "3": "depthwise",
        "4": "depthwise",
        "5": "depthwise",
        "6": "depthwise",
        "7": "lossguide",
        "8": "depthwise",
        "9": "depthwise",
        "10": "lossguide",
        "11": "depthwise",
        "12": "lossguide",
        "13": "depthwise",
        "14": "depthwise",
        "15": "depthwise",
        "16": "depthwise",
        "17": "depthwise",
        "18": "lossguide",
        "19": "lossguide",
        "20": "depthwise",
        "21": "depthwise"
    },
    "interpretability": {
        "0": 8,
        "1": 8,
        "2": 8,
        "3": 8,
        "4": 8,
        "5": 8,
        "6": 8,
        "7": 8,
        "8": 8,
        "9": 8,
        "10": 8,
        "11": 8,
        "12": 8,
        "13": 8,
        "14": 8,
        "15": 8,
        "16": 8,
        "17": 8,
        "18": 8,
        "19": 8,
        "20": 8,
        "21": 8
    },
    "learning_rate": {
        "0": 0.05,
        "1": 0.05,
        "2": 0.05,
        "3": 0.05,
        "4": 0.05,
        "5": 0.05,
        "6": 0.05,
        "7": 0.05,
        "8": 0.05,
        "9": 0.05,
        "10": 0.05,
        "11": 0.05,
        "12": 0.05,
        "13": 0.05,
        "14": 0.05,
        "15": 0.05,
        "16": 0.05,
        "17": 0.05,
        "18": 0.05,
        "19": 0.05,
        "20": 0.05,
        "21": 0.05
    },
    "lossguide": {
        "0": false,
        "1": false,
        "2": false,
        "3": false,
        "4": false,
        "5": false,
        "6": false,
        "7": false,
        "8": false,
        "9": false,
        "10": false,
        "11": false,
        "12": false,
        "13": false,
        "14": false,
        "15": false,
        "16": false,
        "17": false,
        "18": false,
        "19": false,
        "20": false,
        "21": false
    },
    "max_bin": {
        "0": 64,
        "1": 64,
        "2": 64,
        "3": 64,
        "4": 256,
        "5": 64,
        "6": 256,
        "7": 64,
        "8": 64,
        "9": 256,
        "10": 64,
        "11": 256,
        "12": 64,
        "13": 256,
        "14": 256,
        "15": 256,
        "16": 64,
        "17": 64,
        "18": 64,
        "19": 64,
        "20": 64,
        "21": 256
    },
    "max_delta_step": {
        "0": 0.0,
        "1": 0.0,
        "2": 0.0,
        "3": 0.0,
        "4": 0.0,
        "5": 0.0,
        "6": 0.0,
        "7": 0.0,
        "8": 0.0,
        "9": 0.0,
        "10": 0.0,
        "11": 0.0,
        "12": 0.0,
        "13": 0.0,
        "14": 0.0,
        "15": 0.0,
        "16": 0.0,
        "17": 0.0,
        "18": 0.0,
        "19": 0.0,
        "20": 0.0,
        "21": 0.0
    },
    "max_depth": {
        "0": 10.0,
        "1": 10.0,
        "2": 0.0,
        "3": 10.0,
        "4": 6.0,
        "5": 10.0,
        "6": 6.0,
        "7": 0.0,
        "8": 10.0,
        "9": 6.0,
        "10": 0.0,
        "11": 10.0,
        "12": 0.0,
        "13": 10.0,
        "14": 6.0,
        "15": 10.0,
        "16": 10.0,
        "17": 10.0,
        "18": 0.0,
        "19": 0.0,
        "20": 10.0,
        "21": 6.0
    },
    "max_leaves": {
        "0": 0.0,
        "1": 0.0,
        "2": 1024.0,
        "3": 0.0,
        "4": 0.0,
        "5": 0.0,
        "6": 0.0,
        "7": 1024.0,
        "8": 0.0,
        "9": 0.0,
        "10": 1024.0,
        "11": 0.0,
        "12": 1024.0,
        "13": 0.0,
        "14": 0.0,
        "15": 0.0,
        "16": 0.0,
        "17": 0.0,
        "18": 1024.0,
        "19": 1024.0,
        "20": 0.0,
        "21": 0.0
    },
    "min_child_samples": {
        "0": "",
        "1": "",
        "2": 1,
        "3": "",
        "4": "",
        "5": 1,
        "6": 1,
        "7": 1,
        "8": 1,
        "9": 1,
        "10": 1,
        "11": 1,
        "12": "",
        "13": 1,
        "14": 1,
        "15": 1,
        "16": "",
        "17": 1,
        "18": "",
        "19": "",
        "20": "",
        "21": 1
    },
    "min_child_weight": {
        "0": 1,
        "1": 1,
        "2": 1,
        "3": 1,
        "4": 1,
        "5": 1,
        "6": 1,
        "7": 1,
        "8": 1,
        "9": 1,
        "10": 1,
        "11": 1,
        "12": 1,
        "13": 1,
        "14": 1,
        "15": 1,
        "16": 1,
        "17": 1,
        "18": 1,
        "19": 1,
        "20": 1,
        "21": 1
    },
    "min_data_in_bin": {
        "0": "",
        "1": "",
        "2": 1,
        "3": "",
        "4": "",
        "5": 1,
        "6": 1,
        "7": 1,
        "8": 1,
        "9": 1,
        "10": 1,
        "11": 1,
        "12": "",
        "13": 1,
        "14": 1,
        "15": 1,
        "16": "",
        "17": 1,
        "18": "",
        "19": "",
        "20": "",
        "21": 1
    },
    "model_class_name": {
        "0": "XGBoostGBMModel",
        "1": "XGBoostGBMModel",
        "2": "LightGBMModel",
        "3": "XGBoostGBMModel",
        "4": "XGBoostGBMModel",
        "5": "LightGBMModel",
        "6": "LightGBMModel",
        "7": "LightGBMModel",
        "8": "LightGBMModel",
        "9": "LightGBMModel",
        "10": "LightGBMModel",
        "11": "LightGBMModel",
        "12": "XGBoostGBMModel",
        "13": "LightGBMModel",
        "14": "LightGBMModel",
        "15": "LightGBMModel",
        "16": "XGBoostGBMModel",
        "17": "LightGBMModel",
        "18": "XGBoostGBMModel",
        "19": "XGBoostGBMModel",
        "20": "XGBoostGBMModel",
        "21": "LightGBMModel"
    },
    "model_origin": {
        "0": "RANDOM",
        "1": "RANDOM",
        "2": "RANDOM",
        "3": "RANDOM",
        "4": "SEQUENCE",
        "5": "RANDOM",
        "6": "SEQUENCE",
        "7": "RANDOM",
        "8": "RANDOM",
        "9": "DefaultIndiv: do_te:True,interp:11,depth:6,num_as_cat:True",
        "10": "RANDOM",
        "11": "DefaultIndiv: do_te:True,interp:8,depth:10,num_as_cat:True",
        "12": "RANDOM",
        "13": "DefaultIndiv: do_te:False,interp:11,depth:10,num_as_cat:True",
        "14": "DefaultIndiv: do_te:False,interp:11,depth:6,num_as_cat:True",
        "15": "DefaultIndiv: do_te:True,interp:11,depth:10,num_as_cat:True",
        "16": "RANDOM",
        "17": "RANDOM",
        "18": "RANDOM",
        "19": "RANDOM",
        "20": "RANDOM",
        "21": "DefaultIndiv: do_te:False,interp:8,depth:6,num_as_cat:True"
    },
    "monotonicity_constraints": {
        "0": false,
        "1": false,
        "2": false,
        "3": false,
        "4": false,
        "5": false,
        "6": false,
        "7": false,
        "8": false,
        "9": false,
        "10": false,
        "11": false,
        "12": false,
        "13": false,
        "14": false,
        "15": false,
        "16": false,
        "17": false,
        "18": false,
        "19": false,
        "20": false,
        "21": false
    },
    "n_estimators": {
        "0": 600,
        "1": 600,
        "2": 600,
        "3": 600,
        "4": 600,
        "5": 600,
        "6": 600,
        "7": 600,
        "8": 600,
        "9": 600,
        "10": 600,
        "11": 600,
        "12": 600,
        "13": 600,
        "14": 600,
        "15": 600,
        "16": 600,
        "17": 600,
        "18": 600,
        "19": 600,
        "20": 600,
        "21": 600
    },
    "n_gpus": {
        "0": 1,
        "1": 1,
        "2": 1,
        "3": 1,
        "4": 1,
        "5": 1,
        "6": 1,
        "7": 1,
        "8": 1,
        "9": 1,
        "10": 1,
        "11": 1,
        "12": 1,
        "13": 1,
        "14": 1,
        "15": 1,
        "16": 1,
        "17": 1,
        "18": 1,
        "19": 1,
        "20": 1,
        "21": 1
    },
    "n_jobs": {
        "0": 2,
        "1": 2,
        "2": 2,
        "3": 2,
        "4": 2,
        "5": 2,
        "6": 2,
        "7": 2,
        "8": 2,
        "9": 2,
        "10": 2,
        "11": 2,
        "12": 2,
        "13": 2,
        "14": 2,
        "15": 2,
        "16": 2,
        "17": 2,
        "18": 2,
        "19": 2,
        "20": 2,
        "21": 2
    },
    "num_class": {
        "0": 3,
        "1": 3,
        "2": 3,
        "3": 3,
        "4": 3,
        "5": 3,
        "6": 3,
        "7": 3,
        "8": 3,
        "9": 3,
        "10": 3,
        "11": 3,
        "12": 3,
        "13": 3,
        "14": 3,
        "15": 3,
        "16": 3,
        "17": 3,
        "18": 3,
        "19": 3,
        "20": 3,
        "21": 3
    },
    "num_classes": {
        "0": 3,
        "1": 3,
        "2": 3,
        "3": 3,
        "4": 3,
        "5": 3,
        "6": 3,
        "7": 3,
        "8": 3,
        "9": 3,
        "10": 3,
        "11": 3,
        "12": 3,
        "13": 3,
        "14": 3,
        "15": 3,
        "16": 3,
        "17": 3,
        "18": 3,
        "19": 3,
        "20": 3,
        "21": 3
    },
    "objective": {
        "0": "multi:softprob",
        "1": "multi:softprob",
        "2": "multi:softprob",
        "3": "multi:softprob",
        "4": "multi:softprob",
        "5": "multi:softprob",
        "6": "multi:softprob",
        "7": "multi:softprob",
        "8": "multi:softprob",
        "9": "multi:softprob",
        "10": "multi:softprob",
        "11": "multi:softprob",
        "12": "multi:softprob",
        "13": "multi:softprob",
        "14": "multi:softprob",
        "15": "multi:softprob",
        "16": "multi:softprob",
        "17": "multi:softprob",
        "18": "multi:softprob",
        "19": "multi:softprob",
        "20": "multi:softprob",
        "21": "multi:softprob"
    },
    "pred_gap": {
        "0": "",
        "1": "",
        "2": "",
        "3": "",
        "4": "",
        "5": "",
        "6": "",
        "7": "",
        "8": "",
        "9": "",
        "10": "",
        "11": "",
        "12": "",
        "13": "",
        "14": "",
        "15": "",
        "16": "",
        "17": "",
        "18": "",
        "19": "",
        "20": "",
        "21": ""
    },
    "pred_periods": {
        "0": "",
        "1": "",
        "2": "",
        "3": "",
        "4": "",
        "5": "",
        "6": "",
        "7": "",
        "8": "",
        "9": "",
        "10": "",
        "11": "",
        "12": "",
        "13": "",
        "14": "",
        "15": "",
        "16": "",
        "17": "",
        "18": "",
        "19": "",
        "20": "",
        "21": ""
    },
    "random_state": {
        "0": 1245006459,
        "1": 1245006459,
        "2": 1245006459,
        "3": 1245006459,
        "4": 1245006459,
        "5": 1245006459,
        "6": 1245006459,
        "7": 1245006459,
        "8": 1245006459,
        "9": 1245006459,
        "10": 1245006459,
        "11": 1245006459,
        "12": 1245006459,
        "13": 1245006459,
        "14": 1245006459,
        "15": 1245006459,
        "16": 1245006459,
        "17": 1245006459,
        "18": 1245006459,
        "19": 1245006459,
        "20": 1245006459,
        "21": 1245006459
    },
    "reg_alpha": {
        "0": 0.0,
        "1": 0.0,
        "2": 0.0,
        "3": 0.0,
        "4": 0.0,
        "5": 0.0,
        "6": 0.0,
        "7": 0.0,
        "8": 0.0,
        "9": 0.0,
        "10": 0.0,
        "11": 0.0,
        "12": 0.0,
        "13": 0.0,
        "14": 0.0,
        "15": 0.0,
        "16": 0.0,
        "17": 0.0,
        "18": 0.0,
        "19": 0.0,
        "20": 0.0,
        "21": 0.0
    },
    "reg_lambda": {
        "0": 2.0,
        "1": 10.0,
        "2": 10.0,
        "3": 0.1,
        "4": 1.0,
        "5": 1.0,
        "6": 1.0,
        "7": 0.1,
        "8": 1.0,
        "9": 1.0,
        "10": 1.0,
        "11": 1.0,
        "12": 5.0,
        "13": 1.0,
        "14": 1.0,
        "15": 1.0,
        "16": 10.0,
        "17": 2.0,
        "18": 10.0,
        "19": 5.0,
        "20": 1.0,
        "21": 1.0
    },
    "scale_pos_weight": {
        "0": 1.0,
        "1": 1.0,
        "2": 1.0,
        "3": 1.0,
        "4": 1.0,
        "5": 1.0,
        "6": 1.0,
        "7": 1.0,
        "8": 1.0,
        "9": 1.0,
        "10": 1.0,
        "11": 1.0,
        "12": 1.0,
        "13": 1.0,
        "14": 1.0,
        "15": 1.0,
        "16": 1.0,
        "17": 1.0,
        "18": 1.0,
        "19": 1.0,
        "20": 1.0,
        "21": 1.0
    },
    "score_f_name": {
        "0": "LOGLOSS",
        "1": "LOGLOSS",
        "2": "LOGLOSS",
        "3": "LOGLOSS",
        "4": "LOGLOSS",
        "5": "LOGLOSS",
        "6": "LOGLOSS",
        "7": "LOGLOSS",
        "8": "LOGLOSS",
        "9": "LOGLOSS",
        "10": "LOGLOSS",
        "11": "LOGLOSS",
        "12": "LOGLOSS",
        "13": "LOGLOSS",
        "14": "LOGLOSS",
        "15": "LOGLOSS",
        "16": "LOGLOSS",
        "17": "LOGLOSS",
        "18": "LOGLOSS",
        "19": "LOGLOSS",
        "20": "LOGLOSS",
        "21": "LOGLOSS"
    },
    "seed": {
        "0": 1245006459,
        "1": 1245006459,
        "2": 1245006459,
        "3": 1245006459,
        "4": 1245006459,
        "5": 1245006459,
        "6": 1245006459,
        "7": 1245006459,
        "8": 1245006459,
        "9": 1245006459,
        "10": 1245006459,
        "11": 1245006459,
        "12": 1245006459,
        "13": 1245006459,
        "14": 1245006459,
        "15": 1245006459,
        "16": 1245006459,
        "17": 1245006459,
        "18": 1245006459,
        "19": 1245006459,
        "20": 1245006459,
        "21": 1245006459
    },
    "silent": {
        "0": true,
        "1": true,
        "2": true,
        "3": true,
        "4": true,
        "5": true,
        "6": true,
        "7": true,
        "8": true,
        "9": true,
        "10": true,
        "11": true,
        "12": true,
        "13": true,
        "14": true,
        "15": true,
        "16": true,
        "17": true,
        "18": true,
        "19": true,
        "20": true,
        "21": true
    },
    "subsample": {
        "0": 0.8,
        "1": 0.8,
        "2": 0.4,
        "3": 0.5,
        "4": 0.7,
        "5": 0.5,
        "6": 0.7,
        "7": 0.6,
        "8": 0.5,
        "9": 0.7,
        "10": 0.8,
        "11": 0.7,
        "12": 0.8,
        "13": 0.7,
        "14": 0.7,
        "15": 0.7,
        "16": 0.9,
        "17": 1.0,
        "18": 0.8,
        "19": 0.4,
        "20": 0.5,
        "21": 0.7
    },
    "subsample_freq": {
        "0": "",
        "1": "",
        "2": 5,
        "3": "",
        "4": "",
        "5": 5,
        "6": "",
        "7": 5,
        "8": 10,
        "9": "",
        "10": 1,
        "11": "",
        "12": "",
        "13": "",
        "14": "",
        "15": "",
        "16": "",
        "17": 0,
        "18": "",
        "19": "",
        "20": "",
        "21": ""
    },
    "time_tolerance": {
        "0": 3,
        "1": 3,
        "2": 3,
        "3": 3,
        "4": 3,
        "5": 3,
        "6": 3,
        "7": 3,
        "8": 3,
        "9": 3,
        "10": 3,
        "11": 3,
        "12": 3,
        "13": 3,
        "14": 3,
        "15": 3,
        "16": 3,
        "17": 3,
        "18": 3,
        "19": 3,
        "20": 3,
        "21": 3
    },
    "train_shape": {
        "0": [
            912,
            19
        ],
        "1": [
            912,
            19
        ],
        "2": [
            912,
            19
        ],
        "3": [
            912,
            19
        ],
        "4": [
            912,
            19
        ],
        "5": [
            912,
            19
        ],
        "6": [
            912,
            19
        ],
        "7": [
            912,
            19
        ],
        "8": [
            912,
            19
        ],
        "9": [
            912,
            19
        ],
        "10": [
            912,
            19
        ],
        "11": [
            912,
            19
        ],
        "12": [
            912,
            19
        ],
        "13": [
            912,
            19
        ],
        "14": [
            912,
            19
        ],
        "15": [
            912,
            19
        ],
        "16": [
            912,
            19
        ],
        "17": [
            912,
            19
        ],
        "18": [
            912,
            19
        ],
        "19": [
            912,
            19
        ],
        "20": [
            912,
            19
        ],
        "21": [
            912,
            19
        ]
    },
    "tree_method": {
        "0": "gpu_hist",
        "1": "gpu_hist",
        "2": "gpu_hist",
        "3": "gpu_hist",
        "4": "gpu_hist",
        "5": "gpu_hist",
        "6": "gpu_hist",
        "7": "gpu_hist",
        "8": "gpu_hist",
        "9": "gpu_hist",
        "10": "gpu_hist",
        "11": "gpu_hist",
        "12": "gpu_hist",
        "13": "gpu_hist",
        "14": "gpu_hist",
        "15": "gpu_hist",
        "16": "gpu_hist",
        "17": "gpu_hist",
        "18": "gpu_hist",
        "19": "gpu_hist",
        "20": "gpu_hist",
        "21": "gpu_hist"
    },
    "valid_shape": {
        "0": "",
        "1": "",
        "2": "",
        "3": "",
        "4": "",
        "5": "",
        "6": "",
        "7": "",
        "8": "",
        "9": "",
        "10": "",
        "11": "",
        "12": "",
        "13": "",
        "14": "",
        "15": "",
        "16": "",
        "17": "",
        "18": "",
        "19": "",
        "20": "",
        "21": ""
    },
    "scores": {
        "0": 0.631742908,
        "1": 0.6320789229,
        "2": 0.6329379865,
        "3": 0.634222975,
        "4": 0.6381455035,
        "5": 0.6384692854,
        "6": 0.6394092995,
        "7": 0.6399486667,
        "8": 0.6401313305,
        "9": 0.6404060041,
        "10": 0.6455348029,
        "11": 0.6486262132,
        "12": 0.6488716083,
        "13": 0.6493829828,
        "14": 0.6495952813,
        "15": 0.6497566403,
        "16": 0.6498461914,
        "17": 0.6507085283,
        "18": 0.6509943401,
        "19": 0.654446528,
        "20": 0.6864443242,
        "21": ""
    },
    "scores_sd": {
        "0": 0.0287918834,
        "1": 0.0305982173,
        "2": 0.0305340869,
        "3": 0.0298555179,
        "4": 0.0315500815,
        "5": 0.032697243,
        "6": 0.0301005595,
        "7": 0.032306244,
        "8": 0.031190817,
        "9": 0.0309846645,
        "10": 0.0328277489,
        "11": 0.0339252788,
        "12": 0.0298912007,
        "13": 0.0336082111,
        "14": 0.0329240806,
        "15": 0.0327704445,
        "16": 0.0333654465,
        "17": 0.031938799,
        "18": 0.0368939447,
        "19": 0.0327336977,
        "20": 0.0345011833,
        "21": ""
    },
    "tournament scores": {
        "0": 0.631742908,
        "1": 0.6320789229,
        "2": 0.6329379865,
        "3": 0.634222975,
        "4": 0.6381455035,
        "5": 0.6384692854,
        "6": 0.6394092995,
        "7": 0.6399486667,
        "8": 0.6401313305,
        "9": 0.6404060041,
        "10": 0.6455348029,
        "11": 0.6486262132,
        "12": 0.6488716083,
        "13": 0.6493829828,
        "14": 0.6495952813,
        "15": 0.6497566403,
        "16": 0.6498461914,
        "17": 0.6507085283,
        "18": 0.6509943401,
        "19": 0.654446528,
        "20": 0.6864443242,
        "21": ""
    },
    "training_times": {
        "0": 30.7760746479,
        "1": 26.8220162392,
        "2": 34.9370510578,
        "3": 30.8622274399,
        "4": 15.158592701,
        "5": 14.5805907249,
        "6": 28.0617482662,
        "7": 13.991070509,
        "8": 21.2575881481,
        "9": 14.0504450798,
        "10": 16.0659251213,
        "11": 17.6930742264,
        "12": 25.5865011215,
        "13": 17.9120388031,
        "14": 13.9095699787,
        "15": 16.9010481834,
        "16": 12.8406350613,
        "17": 23.1751406193,
        "18": 10.9768388271,
        "19": 17.9607942104,
        "20": 15.5456438065,
        "21": ""
    },
    "rel_time": {
        "0": 0.8809007548,
        "1": 0.7677241046,
        "2": 1.0,
        "3": 0.8833666983,
        "4": 0.4338830051,
        "5": 0.4173389076,
        "6": 0.8032088404,
        "7": 0.4004651247,
        "8": 0.6084539909,
        "9": 0.4021645976,
        "10": 0.4598534975,
        "11": 0.5064272367,
        "12": 0.7323600689,
        "13": 0.5126946397,
        "14": 0.3981323425,
        "15": 0.4837571481,
        "16": 0.3675363167,
        "17": 0.663339919,
        "18": 0.3141890484,
        "19": 0.5140901612,
        "20": 0.4449615333,
        "21": ""
    },
    "best_iterations": {
        "0": 108,
        "1": 106,
        "2": 99,
        "3": 98,
        "4": 132,
        "5": 54,
        "6": 85,
        "7": 52,
        "8": 74,
        "9": 53,
        "10": 52,
        "11": 43,
        "12": 67,
        "13": 42,
        "14": 51,
        "15": 40,
        "16": 43,
        "17": 71,
        "18": 53,
        "19": 46,
        "20": 46,
        "21": 0
    },
    "rel_best_iterations": {
        "0": 0.8181818182,
        "1": 0.803030303,
        "2": 0.75,
        "3": 0.7424242424,
        "4": 1.0,
        "5": 0.4090909091,
        "6": 0.6439393939,
        "7": 0.3939393939,
        "8": 0.5606060606,
        "9": 0.4015151515,
        "10": 0.3939393939,
        "11": 0.3257575758,
        "12": 0.5075757576,
        "13": 0.3181818182,
        "14": 0.3863636364,
        "15": 0.303030303,
        "16": 0.3257575758,
        "17": 0.5378787879,
        "18": 0.4015151515,
        "19": 0.3484848485,
        "20": 0.3484848485,
        "21": 0.0
    },
    "ngenes_start": {
        "0": 72,
        "1": 72,
        "2": 36,
        "3": 100,
        "4": 36,
        "5": 19,
        "6": 72,
        "7": 100,
        "8": 72,
        "9": 18,
        "10": 36,
        "11": 19,
        "12": 72,
        "13": 18,
        "14": 18,
        "15": 18,
        "16": 100,
        "17": 100,
        "18": 72,
        "19": 36,
        "20": 100,
        "21": -1
    },
    "ngenes_max": {
        "0": 100,
        "1": 100,
        "2": 100,
        "3": 100,
        "4": 100,
        "5": 100,
        "6": 100,
        "7": 100,
        "8": 100,
        "9": 50,
        "10": 100,
        "11": 100,
        "12": 100,
        "13": 50,
        "14": 50,
        "15": 50,
        "16": 100,
        "17": 100,
        "18": 100,
        "19": 100,
        "20": 100,
        "21": -1
    },
    "ngenes": {
        "0": 16,
        "1": 18,
        "2": 18,
        "3": 16,
        "4": 18,
        "5": 19,
        "6": 16,
        "7": 16,
        "8": 18,
        "9": 18,
        "10": 18,
        "11": 19,
        "12": 17,
        "13": 18,
        "14": 18,
        "15": 18,
        "16": 17,
        "17": 17,
        "18": 18,
        "19": 18,
        "20": 17,
        "21": -1
    },
    "nfeatures_max": {
        "0": 100,
        "1": 100,
        "2": 100,
        "3": 100,
        "4": 100,
        "5": 100,
        "6": 100,
        "7": 100,
        "8": 100,
        "9": 100,
        "10": 100,
        "11": 100,
        "12": 100,
        "13": 100,
        "14": 100,
        "15": 100,
        "16": 100,
        "17": 100,
        "18": 100,
        "19": 100,
        "20": 100,
        "21": -1
    },
    "nfeatures": {
        "0": 15,
        "1": 17,
        "2": 17,
        "3": 15,
        "4": 17,
        "5": 18,
        "6": 15,
        "7": 15,
        "8": 17,
        "9": 17,
        "10": 17,
        "11": 18,
        "12": 16,
        "13": 17,
        "14": 17,
        "15": 17,
        "16": 16,
        "17": 16,
        "18": 17,
        "19": 17,
        "20": 16,
        "21": 0
    },
    "feature cost": {
        "0": 15.0,
        "1": 17.0,
        "2": 17.0,
        "3": 15.0,
        "4": 17.0,
        "5": 18.0,
        "6": 15.0,
        "7": 15.0,
        "8": 17.0,
        "9": 17.0,
        "10": 17.0,
        "11": 18.0,
        "12": 16.0,
        "13": 17.0,
        "14": 17.0,
        "15": 17.0,
        "16": 16.0,
        "17": 16.0,
        "18": 17.0,
        "19": 17.0,
        "20": 16.0,
        "21": ""
    },
    "transformers_used": {
        "0": [
            "InteractionsTransformer",
            "OriginalTransformer"
        ],
        "1": [
            "InteractionsTransformer",
            "OriginalTransformer"
        ],
        "2": [
            "InteractionsTransformer",
            "OriginalTransformer"
        ],
        "3": [
            "InteractionsTransformer",
            "OriginalTransformer"
        ],
        "4": [
            "InteractionsTransformer",
            "OriginalTransformer"
        ],
        "5": [
            "InteractionsTransformer",
            "OriginalTransformer"
        ],
        "6": [
            "InteractionsTransformer",
            "OriginalTransformer"
        ],
        "7": [
            "InteractionsTransformer",
            "OriginalTransformer"
        ],
        "8": [
            "InteractionsTransformer",
            "OriginalTransformer"
        ],
        "9": [
            "InteractionsTransformer",
            "OriginalTransformer"
        ],
        "10": [
            "InteractionsTransformer",
            "OriginalTransformer"
        ],
        "11": [
            "InteractionsTransformer",
            "OriginalTransformer"
        ],
        "12": [
            "InteractionsTransformer",
            "OriginalTransformer"
        ],
        "13": [
            "InteractionsTransformer",
            "OriginalTransformer"
        ],
        "14": [
            "InteractionsTransformer",
            "OriginalTransformer"
        ],
        "15": [
            "InteractionsTransformer",
            "OriginalTransformer"
        ],
        "16": [
            "InteractionsTransformer",
            "OriginalTransformer"
        ],
        "17": [
            "InteractionsTransformer",
            "OriginalTransformer"
        ],
        "18": [
            "InteractionsTransformer",
            "OriginalTransformer"
        ],
        "19": [
            "InteractionsTransformer",
            "OriginalTransformer"
        ],
        "20": [
            "InteractionsTransformer",
            "OriginalTransformer"
        ],
        "21": []
    },
    "rel_scores": {
        "0": 1.0,
        "1": 0.9994683973,
        "2": 0.9981118553,
        "3": 0.9960895976,
        "4": 0.989966872,
        "5": 0.9894648379,
        "6": 0.988010197,
        "7": 0.9871774736,
        "8": 0.9868957789,
        "9": 0.986472494,
        "10": 0.9786349322,
        "11": 0.9739706709,
        "12": 0.9736023273,
        "13": 0.9728356374,
        "14": 0.9725176986,
        "15": 0.972276186,
        "16": 0.9721422029,
        "17": 0.9708538931,
        "18": 0.9704276506,
        "19": 0.9653086707,
        "20": 0.9203119404,
        "21": ""
    },
    "rel_tournament scores": {
        "0": 1.0,
        "1": 0.9994683973,
        "2": 0.9981118553,
        "3": 0.9960895976,
        "4": 0.989966872,
        "5": 0.9894648379,
        "6": 0.988010197,
        "7": 0.9871774736,
        "8": 0.9868957789,
        "9": 0.986472494,
        "10": 0.9786349322,
        "11": 0.9739706709,
        "12": 0.9736023273,
        "13": 0.9728356374,
        "14": 0.9725176986,
        "15": 0.972276186,
        "16": 0.9721422029,
        "17": 0.9708538931,
        "18": 0.9704276506,
        "19": 0.9653086707,
        "20": 0.9203119404,
        "21": ""
    },
    "complexity": {
        "0": 4139.7089369477,
        "1": 4570.9286178797,
        "2": 13824.0,
        "3": 3756.402553897,
        "4": 1587.2693533235,
        "5": 2457.9521813127,
        "6": 908.5380136869,
        "7": 6454.303030303,
        "8": 3191.0256388972,
        "9": 637.312694895,
        "10": 7261.0909090909,
        "11": 1957.2582184527,
        "12": 8835.8787878788,
        "13": 1811.1226599146,
        "14": 613.2631592386,
        "15": 1724.8787237282,
        "16": 1751.2310375629,
        "17": 2891.5675271388,
        "18": 7400.7272727273,
        "19": 6423.2727272727,
        "20": 1873.4099471604,
        "21": 0.0
    },
    "z-score": {
        "0": 0.0,
        "1": 0.0116704714,
        "2": 0.0415074792,
        "3": 0.0861377139,
        "4": 0.2223750144,
        "5": 0.2336206125,
        "6": 0.2662691921,
        "7": 0.2850024962,
        "8": 0.2913467794,
        "9": 0.3008867446,
        "10": 0.4790202376,
        "11": 0.5863911334,
        "12": 0.5949142003,
        "13": 0.6126752654,
        "14": 0.6200488176,
        "15": 0.625653139,
        "16": 0.6287634289,
        "17": 0.6587141261,
        "18": 0.6686409416,
        "19": 0.7885423708,
        "20": 1.8998901656,
        "21": ""
    },
    "isbest": {
        "0": "",
        "1": "*",
        "2": "",
        "3": "",
        "4": "",
        "5": "",
        "6": "",
        "7": "",
        "8": "",
        "9": "",
        "10": "",
        "11": "",
        "12": "",
        "13": "",
        "14": "",
        "15": "",
        "16": "",
        "17": "",
        "18": "",
        "19": "",
        "20": "",
        "21": ""
    },
    "good": {
        "0": "+",
        "1": "+",
        "2": "+",
        "3": "+",
        "4": "",
        "5": "",
        "6": "",
        "7": "",
        "8": "",
        "9": "",
        "10": "",
        "11": "",
        "12": "",
        "13": "",
        "14": "",
        "15": "",
        "16": "",
        "17": "",
        "18": "",
        "19": "",
        "20": "",
        "21": ""
    }
}