{"modelTopology": {"node": [{"name": "fc/biases", "op": "Const", "attr": {"value": {"tensor": {"dtype": "DT_FLOAT", "tensorShape": {"dim": [{"size": "6"}]}}}, "dtype": {"type": "DT_FLOAT"}}}, {"name": "fc/weights", "op": "Const", "attr": {"value": {"tensor": {"dtype": "DT_FLOAT", "tensorShape": {"dim": [{"size": "1024"}, {"size": "6"}]}}}, "dtype": {"type": "DT_FLOAT"}}}, {"name": "fc/Reshape/shape", "op": "Const", "attr": {"value": {"tensor": {"dtype": "DT_INT32", "tensorShape": {"dim": [{"size": "2"}]}}}, "dtype": {"type": "DT_INT32"}}}, {"name": "conv1/biases", "op": "Const", "attr": {"value": {"tensor": {"dtype": "DT_FLOAT", "tensorShape": {"dim": [{"size": "1024"}]}}}, "dtype": {"type": "DT_FLOAT"}}}, {"name": "conv1/weights", "op": "Const", "attr": {"value": {"tensor": {"dtype": "DT_FLOAT", "tensorShape": {"dim": [{"size": "1"}, {"size": "1"}, {"size": "464"}, {"size": "1024"}]}}}, "dtype": {"type": "DT_FLOAT"}}}, {"name": "block2_0_reshape1/shape", "op": "Const", "attr": {"value": {"tensor": {"dtype": "DT_INT32", "tensorShape": {"dim": [{"size": "4"}]}}}, "dtype": {"type": "DT_INT32"}}}, {"name": "block0_0_transpose/perm", "op": "Const", "attr": {"value": {"tensor": {"dtype": "DT_INT32", "tensorShape": {"dim": [{"size": "4"}]}}}, "dtype": {"type": "DT_INT32"}}}, {"name": "block2_0_reshape0/shape", "op": "Const", "attr": {"value": {"tensor": {"dtype": "DT_INT32", "tensorShape": {"dim": [{"size": "4"}]}}}, "dtype": {"type": "DT_INT32"}}}, {"name": "block0_0_concat/axis", "op": "Const", "attr": {"value": {"tensor": {"dtype": "DT_INT32", "tensorShape": {}}}, "dtype": {"type": "DT_INT32"}}}, {"name": "block2_3_conv2/biases", "op": "Const", "attr": {"value": {"tensor": {"dtype": "DT_FLOAT", "tensorShape": {"dim": [{"size": "232"}]}}}, "dtype": {"type": "DT_FLOAT"}}}, {"name": "block2_3_conv2/weights", "op": "Const", "attr": {"value": {"tensor": {"dtype": "DT_FLOAT", "tensorShape": {"dim": [{"size": "1"}, {"size": "1"}, {"size": "232"}, {"size": "232"}]}}}, "dtype": {"type": "DT_FLOAT"}}}, {"name": "block2_3_conv1/biases", "op": "Const", "attr": {"value": {"tensor": {"dtype": "DT_FLOAT", "tensorShape": {"dim": [{"size": "232"}]}}}, "dtype": {"type": "DT_FLOAT"}}}, {"name": "block2_3_conv1/weights", "op": "Const", "attr": {"value": {"tensor": {"dtype": "DT_FLOAT", "tensorShape": {"dim": [{"size": "3"}, {"size": "3"}, {"size": "232"}, {"size": "1"}]}}}, "dtype": {"type": "DT_FLOAT"}}}, {"name": "conv0/pad_size/paddings", "op": "Const", "attr": {"value": {"tensor": {"dtype": "DT_INT32", "tensorShape": {"dim": [{"size": "4"}, {"size": "2"}]}}}, "dtype": {"type": "DT_INT32"}}}, {"name": "block2_3_conv0/biases", "op": "Const", "attr": {"value": {"tensor": {"dtype": "DT_FLOAT", "tensorShape": {"dim": [{"size": "232"}]}}}, "dtype": {"type": "DT_FLOAT"}}}, {"name": "block2_3_conv0/weights", "op": "Const", "attr": {"value": {"tensor": {"dtype": "DT_FLOAT", "tensorShape": {"dim": [{"size": "1"}, {"size": "1"}, {"size": "232"}, {"size": "232"}]}}}, "dtype": {"type": "DT_FLOAT"}}}, {"name": "block2_1_slice-Slice0/size", "op": "Const", "attr": {"dtype": {"type": "DT_INT32"}, "value": {"tensor": {"dtype": "DT_INT32", "tensorShape": {"dim": [{"size": "4"}]}}}}}, {"name": "block2_1_slice-Slice1/begin", "op": "Const", "attr": {"value": {"tensor": {"dtype": "DT_INT32", "tensorShape": {"dim": [{"size": "4"}]}}}, "dtype": {"type": "DT_INT32"}}}, {"name": "block2_2_conv2/biases", "op": "Const", "attr": {"value": {"tensor": {"dtype": "DT_FLOAT", "tensorShape": {"dim": [{"size": "232"}]}}}, "dtype": {"type": "DT_FLOAT"}}}, {"name": "block2_2_conv2/weights", "op": "Const", "attr": {"value": {"tensor": {"dtype": "DT_FLOAT", "tensorShape": {"dim": [{"size": "1"}, {"size": "1"}, {"size": "232"}, {"size": "232"}]}}}, "dtype": {"type": "DT_FLOAT"}}}, {"name": "block2_2_conv1/biases", "op": "Const", "attr": {"value": {"tensor": {"dtype": "DT_FLOAT", "tensorShape": {"dim": [{"size": "232"}]}}}, "dtype": {"type": "DT_FLOAT"}}}, {"name": "block2_2_conv1/weights", "op": "Const", "attr": {"value": {"tensor": {"dtype": "DT_FLOAT", "tensorShape": {"dim": [{"size": "3"}, {"size": "3"}, {"size": "232"}, {"size": "1"}]}}}, "dtype": {"type": "DT_FLOAT"}}}, {"name": "block2_2_conv0/biases", "op": "Const", "attr": {"value": {"tensor": {"dtype": "DT_FLOAT", "tensorShape": {"dim": [{"size": "232"}]}}}, "dtype": {"type": "DT_FLOAT"}}}, {"name": "block2_2_conv0/weights", "op": "Const", "attr": {"value": {"tensor": {"dtype": "DT_FLOAT", "tensorShape": {"dim": [{"size": "1"}, {"size": "1"}, {"size": "232"}, {"size": "232"}]}}}, "dtype": {"type": "DT_FLOAT"}}}, {"name": "block2_1_conv2/biases", "op": "Const", "attr": {"value": {"tensor": {"dtype": "DT_FLOAT", "tensorShape": {"dim": [{"size": "232"}]}}}, "dtype": {"type": "DT_FLOAT"}}}, {"name": "block2_1_conv2/weights", "op": "Const", "attr": {"value": {"tensor": {"dtype": "DT_FLOAT", "tensorShape": {"dim": [{"size": "1"}, {"size": "1"}, {"size": "232"}, {"size": "232"}]}}}, "dtype": {"type": "DT_FLOAT"}}}, {"name": "block2_1_conv1/biases", "op": "Const", "attr": {"value": {"tensor": {"dtype": "DT_FLOAT", "tensorShape": {"dim": [{"size": "232"}]}}}, "dtype": {"type": "DT_FLOAT"}}}, {"name": "block2_1_conv1/weights", "op": "Const", "attr": {"value": {"tensor": {"dtype": "DT_FLOAT", "tensorShape": {"dim": [{"size": "3"}, {"size": "3"}, {"size": "232"}, {"size": "1"}]}}}, "dtype": {"type": "DT_FLOAT"}}}, {"name": "block2_1_conv0/biases", "op": "Const", "attr": {"value": {"tensor": {"dtype": "DT_FLOAT", "tensorShape": {"dim": [{"size": "232"}]}}}, "dtype": {"type": "DT_FLOAT"}}}, {"name": "block2_1_conv0/weights", "op": "Const", "attr": {"value": {"tensor": {"dtype": "DT_FLOAT", "tensorShape": {"dim": [{"size": "1"}, {"size": "1"}, {"size": "232"}, {"size": "232"}]}}}, "dtype": {"type": "DT_FLOAT"}}}, {"name": "block2_0_conv2/biases", "op": "Const", "attr": {"value": {"tensor": {"dtype": "DT_FLOAT", "tensorShape": {"dim": [{"size": "232"}]}}}, "dtype": {"type": "DT_FLOAT"}}}, {"name": "block2_0_conv2/weights", "op": "Const", "attr": {"value": {"tensor": {"dtype": "DT_FLOAT", "tensorShape": {"dim": [{"size": "1"}, {"size": "1"}, {"size": "232"}, {"size": "232"}]}}}, "dtype": {"type": "DT_FLOAT"}}}, {"name": "block2_0_conv1/biases", "op": "Const", "attr": {"value": {"tensor": {"dtype": "DT_FLOAT", "tensorShape": {"dim": [{"size": "232"}]}}}, "dtype": {"type": "DT_FLOAT"}}}, {"name": "block2_0_conv1/weights", "op": "Const", "attr": {"value": {"tensor": {"dtype": "DT_FLOAT", "tensorShape": {"dim": [{"size": "3"}, {"size": "3"}, {"size": "232"}, {"size": "1"}]}}}, "dtype": {"type": "DT_FLOAT"}}}, {"name": "block2_0_conv0/biases", "op": "Const", "attr": {"value": {"tensor": {"dtype": "DT_FLOAT", "tensorShape": {"dim": [{"size": "232"}]}}}, "dtype": {"type": "DT_FLOAT"}}}, {"name": "block2_0_conv0/weights", "op": "Const", "attr": {"value": {"tensor": {"dtype": "DT_FLOAT", "tensorShape": {"dim": [{"size": "1"}, {"size": "1"}, {"size": "232"}, {"size": "232"}]}}}, "dtype": {"type": "DT_FLOAT"}}}, {"name": "block1_0_reshape1/shape", "op": "Const", "attr": {"value": {"tensor": {"dtype": "DT_INT32", "tensorShape": {"dim": [{"size": "4"}]}}}, "dtype": {"type": "DT_INT32"}}}, {"name": "block1_0_reshape0/shape", "op": "Const", "attr": {"value": {"tensor": {"dtype": "DT_INT32", "tensorShape": {"dim": [{"size": "4"}]}}}, "dtype": {"type": "DT_INT32"}}}, {"name": "block1_7_conv2/biases", "op": "Const", "attr": {"value": {"tensor": {"dtype": "DT_FLOAT", "tensorShape": {"dim": [{"size": "116"}]}}}, "dtype": {"type": "DT_FLOAT"}}}, {"name": "block1_7_conv2/weights", "op": "Const", "attr": {"value": {"tensor": {"dtype": "DT_FLOAT", "tensorShape": {"dim": [{"size": "1"}, {"size": "1"}, {"size": "116"}, {"size": "116"}]}}}, "dtype": {"type": "DT_FLOAT"}}}, {"name": "block1_7_conv1/biases", "op": "Const", "attr": {"value": {"tensor": {"dtype": "DT_FLOAT", "tensorShape": {"dim": [{"size": "116"}]}}}, "dtype": {"type": "DT_FLOAT"}}}, {"name": "block1_7_conv1/weights", "op": "Const", "attr": {"value": {"tensor": {"dtype": "DT_FLOAT", "tensorShape": {"dim": [{"size": "3"}, {"size": "3"}, {"size": "116"}, {"size": "1"}]}}}, "dtype": {"type": "DT_FLOAT"}}}, {"name": "block1_7_conv0/biases", "op": "Const", "attr": {"value": {"tensor": {"dtype": "DT_FLOAT", "tensorShape": {"dim": [{"size": "116"}]}}}, "dtype": {"type": "DT_FLOAT"}}}, {"name": "block1_7_conv0/weights", "op": "Const", "attr": {"value": {"tensor": {"dtype": "DT_FLOAT", "tensorShape": {"dim": [{"size": "1"}, {"size": "1"}, {"size": "116"}, {"size": "116"}]}}}, "dtype": {"type": "DT_FLOAT"}}}, {"name": "block1_1_slice-Slice0/size", "op": "Const", "attr": {"value": {"tensor": {"dtype": "DT_INT32", "tensorShape": {"dim": [{"size": "4"}]}}}, "dtype": {"type": "DT_INT32"}}}, {"name": "block1_1_slice-Slice1/begin", "op": "Const", "attr": {"value": {"tensor": {"dtype": "DT_INT32", "tensorShape": {"dim": [{"size": "4"}]}}}, "dtype": {"type": "DT_INT32"}}}, {"name": "block1_6_conv2/biases", "op": "Const", "attr": {"value": {"tensor": {"dtype": "DT_FLOAT", "tensorShape": {"dim": [{"size": "116"}]}}}, "dtype": {"type": "DT_FLOAT"}}}, {"name": "block1_6_conv2/weights", "op": "Const", "attr": {"value": {"tensor": {"dtype": "DT_FLOAT", "tensorShape": {"dim": [{"size": "1"}, {"size": "1"}, {"size": "116"}, {"size": "116"}]}}}, "dtype": {"type": "DT_FLOAT"}}}, {"name": "block1_6_conv1/biases", "op": "Const", "attr": {"value": {"tensor": {"dtype": "DT_FLOAT", "tensorShape": {"dim": [{"size": "116"}]}}}, "dtype": {"type": "DT_FLOAT"}}}, {"name": "block1_6_conv1/weights", "op": "Const", "attr": {"value": {"tensor": {"dtype": "DT_FLOAT", "tensorShape": {"dim": [{"size": "3"}, {"size": "3"}, {"size": "116"}, {"size": "1"}]}}}, "dtype": {"type": "DT_FLOAT"}}}, {"name": "block1_6_conv0/biases", "op": "Const", "attr": {"value": {"tensor": {"dtype": "DT_FLOAT", "tensorShape": {"dim": [{"size": "116"}]}}}, "dtype": {"type": "DT_FLOAT"}}}, {"name": "block1_6_conv0/weights", "op": "Const", "attr": {"value": {"tensor": {"dtype": "DT_FLOAT", "tensorShape": {"dim": [{"size": "1"}, {"size": "1"}, {"size": "116"}, {"size": "116"}]}}}, "dtype": {"type": "DT_FLOAT"}}}, {"name": "block1_5_conv2/biases", "op": "Const", "attr": {"value": {"tensor": {"dtype": "DT_FLOAT", "tensorShape": {"dim": [{"size": "116"}]}}}, "dtype": {"type": "DT_FLOAT"}}}, {"name": "block1_5_conv2/weights", "op": "Const", "attr": {"value": {"tensor": {"dtype": "DT_FLOAT", "tensorShape": {"dim": [{"size": "1"}, {"size": "1"}, {"size": "116"}, {"size": "116"}]}}}, "dtype": {"type": "DT_FLOAT"}}}, {"name": "block1_5_conv1/biases", "op": "Const", "attr": {"value": {"tensor": {"dtype": "DT_FLOAT", "tensorShape": {"dim": [{"size": "116"}]}}}, "dtype": {"type": "DT_FLOAT"}}}, {"name": "block1_5_conv1/weights", "op": "Const", "attr": {"value": {"tensor": {"dtype": "DT_FLOAT", "tensorShape": {"dim": [{"size": "3"}, {"size": "3"}, {"size": "116"}, {"size": "1"}]}}}, "dtype": {"type": "DT_FLOAT"}}}, {"name": "block1_5_conv0/biases", "op": "Const", "attr": {"value": {"tensor": {"dtype": "DT_FLOAT", "tensorShape": {"dim": [{"size": "116"}]}}}, "dtype": {"type": "DT_FLOAT"}}}, {"name": "block1_5_conv0/weights", "op": "Const", "attr": {"value": {"tensor": {"dtype": "DT_FLOAT", "tensorShape": {"dim": [{"size": "1"}, {"size": "1"}, {"size": "116"}, {"size": "116"}]}}}, "dtype": {"type": "DT_FLOAT"}}}, {"name": "block1_4_conv2/biases", "op": "Const", "attr": {"value": {"tensor": {"dtype": "DT_FLOAT", "tensorShape": {"dim": [{"size": "116"}]}}}, "dtype": {"type": "DT_FLOAT"}}}, {"name": "block1_4_conv2/weights", "op": "Const", "attr": {"value": {"tensor": {"dtype": "DT_FLOAT", "tensorShape": {"dim": [{"size": "1"}, {"size": "1"}, {"size": "116"}, {"size": "116"}]}}}, "dtype": {"type": "DT_FLOAT"}}}, {"name": "block1_4_conv1/biases", "op": "Const", "attr": {"value": {"tensor": {"dtype": "DT_FLOAT", "tensorShape": {"dim": [{"size": "116"}]}}}, "dtype": {"type": "DT_FLOAT"}}}, {"name": "block1_4_conv1/weights", "op": "Const", "attr": {"value": {"tensor": {"dtype": "DT_FLOAT", "tensorShape": {"dim": [{"size": "3"}, {"size": "3"}, {"size": "116"}, {"size": "1"}]}}}, "dtype": {"type": "DT_FLOAT"}}}, {"name": "block1_4_conv0/biases", "op": "Const", "attr": {"value": {"tensor": {"dtype": "DT_FLOAT", "tensorShape": {"dim": [{"size": "116"}]}}}, "dtype": {"type": "DT_FLOAT"}}}, {"name": "block1_4_conv0/weights", "op": "Const", "attr": {"value": {"tensor": {"dtype": "DT_FLOAT", "tensorShape": {"dim": [{"size": "1"}, {"size": "1"}, {"size": "116"}, {"size": "116"}]}}}, "dtype": {"type": "DT_FLOAT"}}}, {"name": "block1_3_conv2/biases", "op": "Const", "attr": {"value": {"tensor": {"dtype": "DT_FLOAT", "tensorShape": {"dim": [{"size": "116"}]}}}, "dtype": {"type": "DT_FLOAT"}}}, {"name": "block1_3_conv2/weights", "op": "Const", "attr": {"value": {"tensor": {"dtype": "DT_FLOAT", "tensorShape": {"dim": [{"size": "1"}, {"size": "1"}, {"size": "116"}, {"size": "116"}]}}}, "dtype": {"type": "DT_FLOAT"}}}, {"name": "block1_3_conv1/biases", "op": "Const", "attr": {"value": {"tensor": {"dtype": "DT_FLOAT", "tensorShape": {"dim": [{"size": "116"}]}}}, "dtype": {"type": "DT_FLOAT"}}}, {"name": "block1_3_conv1/weights", "op": "Const", "attr": {"value": {"tensor": {"dtype": "DT_FLOAT", "tensorShape": {"dim": [{"size": "3"}, {"size": "3"}, {"size": "116"}, {"size": "1"}]}}}, "dtype": {"type": "DT_FLOAT"}}}, {"name": "block1_3_conv0/biases", "op": "Const", "attr": {"value": {"tensor": {"dtype": "DT_FLOAT", "tensorShape": {"dim": [{"size": "116"}]}}}, "dtype": {"type": "DT_FLOAT"}}}, {"name": "block1_3_conv0/weights", "op": "Const", "attr": {"value": {"tensor": {"dtype": "DT_FLOAT", "tensorShape": {"dim": [{"size": "1"}, {"size": "1"}, {"size": "116"}, {"size": "116"}]}}}, "dtype": {"type": "DT_FLOAT"}}}, {"name": "block1_2_conv2/biases", "op": "Const", "attr": {"value": {"tensor": {"dtype": "DT_FLOAT", "tensorShape": {"dim": [{"size": "116"}]}}}, "dtype": {"type": "DT_FLOAT"}}}, {"name": "block1_2_conv2/weights", "op": "Const", "attr": {"value": {"tensor": {"dtype": "DT_FLOAT", "tensorShape": {"dim": [{"size": "1"}, {"size": "1"}, {"size": "116"}, {"size": "116"}]}}}, "dtype": {"type": "DT_FLOAT"}}}, {"name": "block1_2_conv1/biases", "op": "Const", "attr": {"value": {"tensor": {"dtype": "DT_FLOAT", "tensorShape": {"dim": [{"size": "116"}]}}}, "dtype": {"type": "DT_FLOAT"}}}, {"name": "block1_2_conv1/weights", "op": "Const", "attr": {"value": {"tensor": {"dtype": "DT_FLOAT", "tensorShape": {"dim": [{"size": "3"}, {"size": "3"}, {"size": "116"}, {"size": "1"}]}}}, "dtype": {"type": "DT_FLOAT"}}}, {"name": "block1_2_conv0/biases", "op": "Const", "attr": {"value": {"tensor": {"dtype": "DT_FLOAT", "tensorShape": {"dim": [{"size": "116"}]}}}, "dtype": {"type": "DT_FLOAT"}}}, {"name": "block1_2_conv0/weights", "op": "Const", "attr": {"value": {"tensor": {"dtype": "DT_FLOAT", "tensorShape": {"dim": [{"size": "1"}, {"size": "1"}, {"size": "116"}, {"size": "116"}]}}}, "dtype": {"type": "DT_FLOAT"}}}, {"name": "block1_1_conv2/biases", "op": "Const", "attr": {"value": {"tensor": {"dtype": "DT_FLOAT", "tensorShape": {"dim": [{"size": "116"}]}}}, "dtype": {"type": "DT_FLOAT"}}}, {"name": "block1_1_conv2/weights", "op": "Const", "attr": {"value": {"tensor": {"dtype": "DT_FLOAT", "tensorShape": {"dim": [{"size": "1"}, {"size": "1"}, {"size": "116"}, {"size": "116"}]}}}, "dtype": {"type": "DT_FLOAT"}}}, {"name": "block1_1_conv1/biases", "op": "Const", "attr": {"value": {"tensor": {"dtype": "DT_FLOAT", "tensorShape": {"dim": [{"size": "116"}]}}}, "dtype": {"type": "DT_FLOAT"}}}, {"name": "block1_1_conv1/weights", "op": "Const", "attr": {"value": {"tensor": {"dtype": "DT_FLOAT", "tensorShape": {"dim": [{"size": "3"}, {"size": "3"}, {"size": "116"}, {"size": "1"}]}}}, "dtype": {"type": "DT_FLOAT"}}}, {"name": "block1_1_conv0/biases", "op": "Const", "attr": {"value": {"tensor": {"dtype": "DT_FLOAT", "tensorShape": {"dim": [{"size": "116"}]}}}, "dtype": {"type": "DT_FLOAT"}}}, {"name": "block1_1_conv0/weights", "op": "Const", "attr": {"value": {"tensor": {"dtype": "DT_FLOAT", "tensorShape": {"dim": [{"size": "1"}, {"size": "1"}, {"size": "116"}, {"size": "116"}]}}}, "dtype": {"type": "DT_FLOAT"}}}, {"name": "block1_0_conv2/biases", "op": "Const", "attr": {"value": {"tensor": {"dtype": "DT_FLOAT", "tensorShape": {"dim": [{"size": "116"}]}}}, "dtype": {"type": "DT_FLOAT"}}}, {"name": "block1_0_conv2/weights", "op": "Const", "attr": {"value": {"tensor": {"dtype": "DT_FLOAT", "tensorShape": {"dim": [{"size": "1"}, {"size": "1"}, {"size": "116"}, {"size": "116"}]}}}, "dtype": {"type": "DT_FLOAT"}}}, {"name": "block1_0_conv1/biases", "op": "Const", "attr": {"value": {"tensor": {"dtype": "DT_FLOAT", "tensorShape": {"dim": [{"size": "116"}]}}}, "dtype": {"type": "DT_FLOAT"}}}, {"name": "block1_0_conv1/weights", "op": "Const", "attr": {"value": {"tensor": {"dtype": "DT_FLOAT", "tensorShape": {"dim": [{"size": "3"}, {"size": "3"}, {"size": "116"}, {"size": "1"}]}}}, "dtype": {"type": "DT_FLOAT"}}}, {"name": "block1_0_conv0/biases", "op": "Const", "attr": {"value": {"tensor": {"dtype": "DT_FLOAT", "tensorShape": {"dim": [{"size": "116"}]}}}, "dtype": {"type": "DT_FLOAT"}}}, {"name": "block1_0_conv0/weights", "op": "Const", "attr": {"value": {"tensor": {"dtype": "DT_FLOAT", "tensorShape": {"dim": [{"size": "1"}, {"size": "1"}, {"size": "116"}, {"size": "116"}]}}}, "dtype": {"type": "DT_FLOAT"}}}, {"name": "block0_0_reshape1/shape", "op": "Const", "attr": {"value": {"tensor": {"dtype": "DT_INT32", "tensorShape": {"dim": [{"size": "4"}]}}}, "dtype": {"type": "DT_INT32"}}}, {"name": "block0_0_reshape0/shape", "op": "Const", "attr": {"value": {"tensor": {"dtype": "DT_INT32", "tensorShape": {"dim": [{"size": "4"}]}}}, "dtype": {"type": "DT_INT32"}}}, {"name": "block0_3_conv2/biases", "op": "Const", "attr": {"value": {"tensor": {"dtype": "DT_FLOAT", "tensorShape": {"dim": [{"size": "58"}]}}}, "dtype": {"type": "DT_FLOAT"}}}, {"name": "block0_3_conv2/weights", "op": "Const", "attr": {"value": {"tensor": {"dtype": "DT_FLOAT", "tensorShape": {"dim": [{"size": "1"}, {"size": "1"}, {"size": "58"}, {"size": "58"}]}}}, "dtype": {"type": "DT_FLOAT"}}}, {"name": "block0_3_conv1/biases", "op": "Const", "attr": {"value": {"tensor": {"dtype": "DT_FLOAT", "tensorShape": {"dim": [{"size": "58"}]}}}, "dtype": {"type": "DT_FLOAT"}}}, {"name": "block0_3_conv1/weights", "op": "Const", "attr": {"value": {"tensor": {"dtype": "DT_FLOAT", "tensorShape": {"dim": [{"size": "3"}, {"size": "3"}, {"size": "58"}, {"size": "1"}]}}}, "dtype": {"type": "DT_FLOAT"}}}, {"name": "block0_3_conv0/biases", "op": "Const", "attr": {"value": {"tensor": {"dtype": "DT_FLOAT", "tensorShape": {"dim": [{"size": "58"}]}}}, "dtype": {"type": "DT_FLOAT"}}}, {"name": "block0_3_conv0/weights", "op": "Const", "attr": {"value": {"tensor": {"dtype": "DT_FLOAT", "tensorShape": {"dim": [{"size": "1"}, {"size": "1"}, {"size": "58"}, {"size": "58"}]}}}, "dtype": {"type": "DT_FLOAT"}}}, {"name": "block0_1_slice-Slice0/size", "op": "Const", "attr": {"value": {"tensor": {"dtype": "DT_INT32", "tensorShape": {"dim": [{"size": "4"}]}}}, "dtype": {"type": "DT_INT32"}}}, {"name": "block0_1_slice-Slice1/begin", "op": "Const", "attr": {"value": {"tensor": {"dtype": "DT_INT32", "tensorShape": {"dim": [{"size": "4"}]}}}, "dtype": {"type": "DT_INT32"}}}, {"name": "block0_2_conv2/biases", "op": "Const", "attr": {"value": {"tensor": {"dtype": "DT_FLOAT", "tensorShape": {"dim": [{"size": "58"}]}}}, "dtype": {"type": "DT_FLOAT"}}}, {"name": "block0_2_conv2/weights", "op": "Const", "attr": {"value": {"tensor": {"dtype": "DT_FLOAT", "tensorShape": {"dim": [{"size": "1"}, {"size": "1"}, {"size": "58"}, {"size": "58"}]}}}, "dtype": {"type": "DT_FLOAT"}}}, {"name": "block0_2_conv1/biases", "op": "Const", "attr": {"value": {"tensor": {"dtype": "DT_FLOAT", "tensorShape": {"dim": [{"size": "58"}]}}}, "dtype": {"type": "DT_FLOAT"}}}, {"name": "block0_2_conv1/weights", "op": "Const", "attr": {"value": {"tensor": {"dtype": "DT_FLOAT", "tensorShape": {"dim": [{"size": "3"}, {"size": "3"}, {"size": "58"}, {"size": "1"}]}}}, "dtype": {"type": "DT_FLOAT"}}}, {"name": "block0_2_conv0/biases", "op": "Const", "attr": {"value": {"tensor": {"dtype": "DT_FLOAT", "tensorShape": {"dim": [{"size": "58"}]}}}, "dtype": {"type": "DT_FLOAT"}}}, {"name": "block0_2_conv0/weights", "op": "Const", "attr": {"value": {"tensor": {"dtype": "DT_FLOAT", "tensorShape": {"dim": [{"size": "1"}, {"size": "1"}, {"size": "58"}, {"size": "58"}]}}}, "dtype": {"type": "DT_FLOAT"}}}, {"name": "block0_1_conv2/biases", "op": "Const", "attr": {"value": {"tensor": {"dtype": "DT_FLOAT", "tensorShape": {"dim": [{"size": "58"}]}}}, "dtype": {"type": "DT_FLOAT"}}}, {"name": "block0_1_conv2/weights", "op": "Const", "attr": {"value": {"tensor": {"dtype": "DT_FLOAT", "tensorShape": {"dim": [{"size": "1"}, {"size": "1"}, {"size": "58"}, {"size": "58"}]}}}, "dtype": {"type": "DT_FLOAT"}}}, {"name": "block0_1_conv1/biases", "op": "Const", "attr": {"value": {"tensor": {"dtype": "DT_FLOAT", "tensorShape": {"dim": [{"size": "58"}]}}}, "dtype": {"type": "DT_FLOAT"}}}, {"name": "block0_1_conv1/weights", "op": "Const", "attr": {"value": {"tensor": {"dtype": "DT_FLOAT", "tensorShape": {"dim": [{"size": "3"}, {"size": "3"}, {"size": "58"}, {"size": "1"}]}}}, "dtype": {"type": "DT_FLOAT"}}}, {"name": "block0_1_conv0/biases", "op": "Const", "attr": {"value": {"tensor": {"dtype": "DT_FLOAT", "tensorShape": {"dim": [{"size": "58"}]}}}, "dtype": {"type": "DT_FLOAT"}}}, {"name": "block0_1_conv0/weights", "op": "Const", "attr": {"value": {"tensor": {"dtype": "DT_FLOAT", "tensorShape": {"dim": [{"size": "1"}, {"size": "1"}, {"size": "58"}, {"size": "58"}]}}}, "dtype": {"type": "DT_FLOAT"}}}, {"name": "block0_0_conv2/biases", "op": "Const", "attr": {"value": {"tensor": {"dtype": "DT_FLOAT", "tensorShape": {"dim": [{"size": "58"}]}}}, "dtype": {"type": "DT_FLOAT"}}}, {"name": "block0_0_conv2/weights", "op": "Const", "attr": {"value": {"tensor": {"dtype": "DT_FLOAT", "tensorShape": {"dim": [{"size": "1"}, {"size": "1"}, {"size": "58"}, {"size": "58"}]}}}, "dtype": {"type": "DT_FLOAT"}}}, {"name": "block0_0_conv1/biases", "op": "Const", "attr": {"value": {"tensor": {"dtype": "DT_FLOAT", "tensorShape": {"dim": [{"size": "58"}]}}}, "dtype": {"type": "DT_FLOAT"}}}, {"name": "block0_0_conv1/weights", "op": "Const", "attr": {"value": {"tensor": {"dtype": "DT_FLOAT", "tensorShape": {"dim": [{"size": "3"}, {"size": "3"}, {"size": "58"}, {"size": "1"}]}}}, "dtype": {"type": "DT_FLOAT"}}}, {"name": "block0_0_conv0/biases", "op": "Const", "attr": {"value": {"tensor": {"dtype": "DT_FLOAT", "tensorShape": {"dim": [{"size": "58"}]}}}, "dtype": {"type": "DT_FLOAT"}}}, {"name": "block0_0_conv0/weights", "op": "Const", "attr": {"value": {"tensor": {"dtype": "DT_FLOAT", "tensorShape": {"dim": [{"size": "1"}, {"size": "1"}, {"size": "24"}, {"size": "58"}]}}}, "dtype": {"type": "DT_FLOAT"}}}, {"name": "conv0/biases", "op": "Const", "attr": {"value": {"tensor": {"dtype": "DT_FLOAT", "tensorShape": {"dim": [{"size": "24"}]}}}, "dtype": {"type": "DT_FLOAT"}}}, {"name": "conv0/weights", "op": "Const", "attr": {"value": {"tensor": {"dtype": "DT_FLOAT", "tensorShape": {"dim": [{"size": "3"}, {"size": "3"}, {"size": "3"}, {"size": "24"}]}}}, "dtype": {"type": "DT_FLOAT"}}}, {"name": "data_bn/data_bn/mul_1/_1__cf__1", "op": "Const", "attr": {"value": {"tensor": {"dtype": "DT_FLOAT", "tensorShape": {"dim": [{"size": "3"}]}}}, "dtype": {"type": "DT_FLOAT"}}}, {"name": "data_bn/data_bn/Rsqrt/_0__cf__0", "op": "Const", "attr": {"value": {"tensor": {"dtype": "DT_FLOAT", "tensorShape": {"dim": [{"size": "3"}]}}}, "dtype": {"type": "DT_FLOAT"}}}, {"name": "Placeholder", "op": "Placeholder", "attr": {"dtype": {"type": "DT_FLOAT"}, "shape": {"shape": {"dim": [{"size": "-1"}, {"size": "224"}, {"size": "224"}, {"size": "3"}]}}}}, {"name": "block0_0_conv4/biases", "op": "Const", "attr": {"value": {"tensor": {"dtype": "DT_FLOAT", "tensorShape": {"dim": [{"size": "58"}]}}}, "dtype": {"type": "DT_FLOAT"}}}, {"name": "block0_0_conv4/weights", "op": "Const", "attr": {"value": {"tensor": {"dtype": "DT_FLOAT", "tensorShape": {"dim": [{"size": "1"}, {"size": "1"}, {"size": "24"}, {"size": "58"}]}}}, "dtype": {"type": "DT_FLOAT"}}}, {"name": "block0_0_conv3/biases", "op": "Const", "attr": {"value": {"tensor": {"dtype": "DT_FLOAT", "tensorShape": {"dim": [{"size": "24"}]}}}, "dtype": {"type": "DT_FLOAT"}}}, {"name": "block0_0_conv3/weights", "op": "Const", "attr": {"value": {"tensor": {"dtype": "DT_FLOAT", "tensorShape": {"dim": [{"size": "3"}, {"size": "3"}, {"size": "24"}, {"size": "1"}]}}}, "dtype": {"type": "DT_FLOAT"}}}, {"name": "block0_1_slice-Slice0/begin", "op": "Const", "attr": {"value": {"tensor": {"dtype": "DT_INT32", "tensorShape": {"dim": [{"size": "4"}]}}}, "dtype": {"type": "DT_INT32"}}}, {"name": "block1_0_conv4/biases", "op": "Const", "attr": {"value": {"tensor": {"dtype": "DT_FLOAT", "tensorShape": {"dim": [{"size": "116"}]}}}, "dtype": {"type": "DT_FLOAT"}}}, {"name": "block1_0_conv4/weights", "op": "Const", "attr": {"value": {"tensor": {"dtype": "DT_FLOAT", "tensorShape": {"dim": [{"size": "1"}, {"size": "1"}, {"size": "116"}, {"size": "116"}]}}}, "dtype": {"type": "DT_FLOAT"}}}, {"name": "block1_0_conv3/biases", "op": "Const", "attr": {"value": {"tensor": {"dtype": "DT_FLOAT", "tensorShape": {"dim": [{"size": "116"}]}}}, "dtype": {"type": "DT_FLOAT"}}}, {"name": "block1_0_conv3/weights", "op": "Const", "attr": {"value": {"tensor": {"dtype": "DT_FLOAT", "tensorShape": {"dim": [{"size": "3"}, {"size": "3"}, {"size": "116"}, {"size": "1"}]}}}, "dtype": {"type": "DT_FLOAT"}}}, {"name": "block2_0_conv4/biases", "op": "Const", "attr": {"value": {"tensor": {"dtype": "DT_FLOAT", "tensorShape": {"dim": [{"size": "232"}]}}}, "dtype": {"type": "DT_FLOAT"}}}, {"name": "block2_0_conv4/weights", "op": "Const", "attr": {"value": {"tensor": {"dtype": "DT_FLOAT", "tensorShape": {"dim": [{"size": "1"}, {"size": "1"}, {"size": "232"}, {"size": "232"}]}}}, "dtype": {"type": "DT_FLOAT"}}}, {"name": "block2_0_conv3/biases", "op": "Const", "attr": {"value": {"tensor": {"dtype": "DT_FLOAT", "tensorShape": {"dim": [{"size": "232"}]}}}, "dtype": {"type": "DT_FLOAT"}}}, {"name": "block2_0_conv3/weights", "op": "Const", "attr": {"value": {"tensor": {"dtype": "DT_FLOAT", "tensorShape": {"dim": [{"size": "3"}, {"size": "3"}, {"size": "232"}, {"size": "1"}]}}}, "dtype": {"type": "DT_FLOAT"}}}, {"name": "data_bn/data_bn/mul", "op": "Mul", "input": ["Placeholder", "data_bn/data_bn/Rsqrt/_0__cf__0"], "attr": {"T": {"type": "DT_FLOAT"}}}, {"name": "data_bn/data_bn/add_1", "op": "Add", "input": ["data_bn/data_bn/mul", "data_bn/data_bn/mul_1/_1__cf__1"], "attr": {"T": {"type": "DT_FLOAT"}}}, {"name": "conv0/pad_size", "op": "Pad", "input": ["data_bn/data_bn/add_1", "conv0/pad_size/paddings"], "attr": {"T": {"type": "DT_FLOAT"}, "Tpaddings": {"type": "DT_INT32"}}}, {"name": "conv0/Conv2D", "op": "Conv2D", "input": ["conv0/pad_size", "conv0/weights"], "attr": {"dilations": {"list": {"i": ["1", "1", "1", "1"]}}, "T": {"type": "DT_FLOAT"}, "strides": {"list": {"i": ["1", "2", "2", "1"]}}, "data_format": {"s": "TkhXQw=="}, "use_cudnn_on_gpu": {"b": true}, "padding": {"s": "VkFMSUQ="}}}, {"name": "conv0/BiasAdd", "op": "BiasAdd", "input": ["conv0/Conv2D", "conv0/biases"], "attr": {"T": {"type": "DT_FLOAT"}, "data_format": {"s": "TkhXQw=="}}}, {"name": "conv0/conv0", "op": "Relu", "input": ["conv0/BiasAdd"], "attr": {"T": {"type": "DT_FLOAT"}}}, {"name": "pad_size", "op": "Pad", "input": ["conv0/conv0", "conv0/pad_size/paddings"], "attr": {"T": {"type": "DT_FLOAT"}, "Tpaddings": {"type": "DT_INT32"}}}, {"name": "pool0", "op": "MaxPool", "input": ["pad_size"], "attr": {"padding": {"s": "VkFMSUQ="}, "T": {"type": "DT_FLOAT"}, "strides": {"list": {"i": ["1", "2", "2", "1"]}}, "data_format": {"s": "TkhXQw=="}, "ksize": {"list": {"i": ["1", "3", "3", "1"]}}}}, {"name": "block0_0_conv0/Conv2D", "op": "Conv2D", "input": ["pool0", "block0_0_conv0/weights"], "attr": {"dilations": {"list": {"i": ["1", "1", "1", "1"]}}, "T": {"type": "DT_FLOAT"}, "data_format": {"s": "TkhXQw=="}, "strides": {"list": {"i": ["1", "1", "1", "1"]}}, "use_cudnn_on_gpu": {"b": true}, "padding": {"s": "U0FNRQ=="}}}, {"name": "block0_0_conv3/pad_size", "op": "Pad", "input": ["pool0", "conv0/pad_size/paddings"], "attr": {"T": {"type": "DT_FLOAT"}, "Tpaddings": {"type": "DT_INT32"}}}, {"name": "block0_0_conv0/BiasAdd", "op": "BiasAdd", "input": ["block0_0_conv0/Conv2D", "block0_0_conv0/biases"], "attr": {"T": {"type": "DT_FLOAT"}, "data_format": {"s": "TkhXQw=="}}}, {"name": "block0_0_conv3/depthwise", "op": "DepthwiseConv2dNative", "input": ["block0_0_conv3/pad_size", "block0_0_conv3/weights"], "attr": {"padding": {"s": "VkFMSUQ="}, "dilations": {"list": {"i": ["1", "1", "1", "1"]}}, "T": {"type": "DT_FLOAT"}, "strides": {"list": {"i": ["1", "2", "2", "1"]}}, "data_format": {"s": "TkhXQw=="}}}, {"name": "block0_0_conv0/block0_0_conv0", "op": "Relu", "input": ["block0_0_conv0/BiasAdd"], "attr": {"T": {"type": "DT_FLOAT"}}}, {"name": "block0_0_conv3/BiasAdd", "op": "BiasAdd", "input": ["block0_0_conv3/depthwise", "block0_0_conv3/biases"], "attr": {"T": {"type": "DT_FLOAT"}, "data_format": {"s": "TkhXQw=="}}}, {"name": "block0_0_conv1/pad_size", "op": "Pad", "input": ["block0_0_conv0/block0_0_conv0", "conv0/pad_size/paddings"], "attr": {"T": {"type": "DT_FLOAT"}, "Tpaddings": {"type": "DT_INT32"}}}, {"name": "block0_0_conv4/Conv2D", "op": "Conv2D", "input": ["block0_0_conv3/BiasAdd", "block0_0_conv4/weights"], "attr": {"dilations": {"list": {"i": ["1", "1", "1", "1"]}}, "T": {"type": "DT_FLOAT"}, "strides": {"list": {"i": ["1", "1", "1", "1"]}}, "data_format": {"s": "TkhXQw=="}, "use_cudnn_on_gpu": {"b": true}, "padding": {"s": "U0FNRQ=="}}}, {"name": "block0_0_conv1/depthwise", "op": "DepthwiseConv2dNative", "input": ["block0_0_conv1/pad_size", "block0_0_conv1/weights"], "attr": {"padding": {"s": "VkFMSUQ="}, "dilations": {"list": {"i": ["1", "1", "1", "1"]}}, "T": {"type": "DT_FLOAT"}, "strides": {"list": {"i": ["1", "2", "2", "1"]}}, "data_format": {"s": "TkhXQw=="}}}, {"name": "block0_0_conv4/BiasAdd", "op": "BiasAdd", "input": ["block0_0_conv4/Conv2D", "block0_0_conv4/biases"], "attr": {"T": {"type": "DT_FLOAT"}, "data_format": {"s": "TkhXQw=="}}}, {"name": "block0_0_conv1/BiasAdd", "op": "BiasAdd", "input": ["block0_0_conv1/depthwise", "block0_0_conv1/biases"], "attr": {"T": {"type": "DT_FLOAT"}, "data_format": {"s": "TkhXQw=="}}}, {"name": "block0_0_conv2/Conv2D", "op": "Conv2D", "input": ["block0_0_conv1/BiasAdd", "block0_0_conv2/weights"], "attr": {"use_cudnn_on_gpu": {"b": true}, "padding": {"s": "U0FNRQ=="}, "dilations": {"list": {"i": ["1", "1", "1", "1"]}}, "T": {"type": "DT_FLOAT"}, "strides": {"list": {"i": ["1", "1", "1", "1"]}}, "data_format": {"s": "TkhXQw=="}}}, {"name": "block0_0_conv2/BiasAdd", "op": "BiasAdd", "input": ["block0_0_conv2/Conv2D", "block0_0_conv2/biases"], "attr": {"T": {"type": "DT_FLOAT"}, "data_format": {"s": "TkhXQw=="}}}, {"name": "block0_0_concat", "op": "ConcatV2", "input": ["block0_0_conv4/BiasAdd", "block0_0_conv2/BiasAdd", "block0_0_concat/axis"], "attr": {"Tidx": {"type": "DT_INT32"}, "T": {"type": "DT_FLOAT"}, "N": {"i": "2"}}}, {"name": "block0_0_conv4/block0_0_conv4", "op": "Relu", "input": ["block0_0_concat"], "attr": {"T": {"type": "DT_FLOAT"}}}, {"name": "block0_0_reshape0", "op": "Reshape", "input": ["block0_0_conv4/block0_0_conv4", "block0_0_reshape0/shape"], "attr": {"T": {"type": "DT_FLOAT"}, "Tshape": {"type": "DT_INT32"}}}, {"name": "block0_0_transpose", "op": "Transpose", "input": ["block0_0_reshape0", "block0_0_transpose/perm"], "attr": {"Tperm": {"type": "DT_INT32"}, "T": {"type": "DT_FLOAT"}}}, {"name": "block0_0_reshape1", "op": "Reshape", "input": ["block0_0_transpose", "block0_0_reshape1/shape"], "attr": {"T": {"type": "DT_FLOAT"}, "Tshape": {"type": "DT_INT32"}}}, {"name": "block0_1_slice-Slice1", "op": "Slice", "input": ["block0_0_reshape1", "block0_1_slice-Slice1/begin", "block0_1_slice-Slice0/size"], "attr": {"Index": {"type": "DT_INT32"}, "T": {"type": "DT_FLOAT"}}}, {"name": "block0_1_slice-Slice0", "op": "Slice", "input": ["block0_0_reshape1", "block0_1_slice-Slice0/begin", "block0_1_slice-Slice0/size"], "attr": {"Index": {"type": "DT_INT32"}, "T": {"type": "DT_FLOAT"}}}, {"name": "block0_1_conv0/Conv2D", "op": "Conv2D", "input": ["block0_1_slice-Slice1", "block0_1_conv0/weights"], "attr": {"use_cudnn_on_gpu": {"b": true}, "padding": {"s": "U0FNRQ=="}, "dilations": {"list": {"i": ["1", "1", "1", "1"]}}, "T": {"type": "DT_FLOAT"}, "strides": {"list": {"i": ["1", "1", "1", "1"]}}, "data_format": {"s": "TkhXQw=="}}}, {"name": "block0_1_conv0/BiasAdd", "op": "BiasAdd", "input": ["block0_1_conv0/Conv2D", "block0_1_conv0/biases"], "attr": {"T": {"type": "DT_FLOAT"}, "data_format": {"s": "TkhXQw=="}}}, {"name": "block0_1_conv0/block0_1_conv0", "op": "Relu", "input": ["block0_1_conv0/BiasAdd"], "attr": {"T": {"type": "DT_FLOAT"}}}, {"name": "block0_1_conv1/pad_size", "op": "Pad", "input": ["block0_1_conv0/block0_1_conv0", "conv0/pad_size/paddings"], "attr": {"T": {"type": "DT_FLOAT"}, "Tpaddings": {"type": "DT_INT32"}}}, {"name": "block0_1_conv1/depthwise", "op": "DepthwiseConv2dNative", "input": ["block0_1_conv1/pad_size", "block0_1_conv1/weights"], "attr": {"padding": {"s": "VkFMSUQ="}, "dilations": {"list": {"i": ["1", "1", "1", "1"]}}, "T": {"type": "DT_FLOAT"}, "strides": {"list": {"i": ["1", "1", "1", "1"]}}, "data_format": {"s": "TkhXQw=="}}}, {"name": "block0_1_conv1/BiasAdd", "op": "BiasAdd", "input": ["block0_1_conv1/depthwise", "block0_1_conv1/biases"], "attr": {"T": {"type": "DT_FLOAT"}, "data_format": {"s": "TkhXQw=="}}}, {"name": "block0_1_conv2/Conv2D", "op": "Conv2D", "input": ["block0_1_conv1/BiasAdd", "block0_1_conv2/weights"], "attr": {"use_cudnn_on_gpu": {"b": true}, "padding": {"s": "U0FNRQ=="}, "dilations": {"list": {"i": ["1", "1", "1", "1"]}}, "T": {"type": "DT_FLOAT"}, "data_format": {"s": "TkhXQw=="}, "strides": {"list": {"i": ["1", "1", "1", "1"]}}}}, {"name": "block0_1_conv2/BiasAdd", "op": "BiasAdd", "input": ["block0_1_conv2/Conv2D", "block0_1_conv2/biases"], "attr": {"T": {"type": "DT_FLOAT"}, "data_format": {"s": "TkhXQw=="}}}, {"name": "block0_1_conv2/block0_1_conv2", "op": "Relu", "input": ["block0_1_conv2/BiasAdd"], "attr": {"T": {"type": "DT_FLOAT"}}}, {"name": "block0_1_concat", "op": "ConcatV2", "input": ["block0_1_slice-Slice0", "block0_1_conv2/block0_1_conv2", "block0_0_concat/axis"], "attr": {"Tidx": {"type": "DT_INT32"}, "T": {"type": "DT_FLOAT"}, "N": {"i": "2"}}}, {"name": "block0_1_reshape0", "op": "Reshape", "input": ["block0_1_concat", "block0_0_reshape0/shape"], "attr": {"T": {"type": "DT_FLOAT"}, "Tshape": {"type": "DT_INT32"}}}, {"name": "block0_1_transpose", "op": "Transpose", "input": ["block0_1_reshape0", "block0_0_transpose/perm"], "attr": {"Tperm": {"type": "DT_INT32"}, "T": {"type": "DT_FLOAT"}}}, {"name": "block0_1_reshape1", "op": "Reshape", "input": ["block0_1_transpose", "block0_0_reshape1/shape"], "attr": {"T": {"type": "DT_FLOAT"}, "Tshape": {"type": "DT_INT32"}}}, {"name": "block0_2_slice-Slice1", "op": "Slice", "input": ["block0_1_reshape1", "block0_1_slice-Slice1/begin", "block0_1_slice-Slice0/size"], "attr": {"Index": {"type": "DT_INT32"}, "T": {"type": "DT_FLOAT"}}}, {"name": "block0_2_slice-Slice0", "op": "Slice", "input": ["block0_1_reshape1", "block0_1_slice-Slice0/begin", "block0_1_slice-Slice0/size"], "attr": {"Index": {"type": "DT_INT32"}, "T": {"type": "DT_FLOAT"}}}, {"name": "block0_2_conv0/Conv2D", "op": "Conv2D", "input": ["block0_2_slice-Slice1", "block0_2_conv0/weights"], "attr": {"dilations": {"list": {"i": ["1", "1", "1", "1"]}}, "T": {"type": "DT_FLOAT"}, "data_format": {"s": "TkhXQw=="}, "strides": {"list": {"i": ["1", "1", "1", "1"]}}, "use_cudnn_on_gpu": {"b": true}, "padding": {"s": "U0FNRQ=="}}}, {"name": "block0_2_conv0/BiasAdd", "op": "BiasAdd", "input": ["block0_2_conv0/Conv2D", "block0_2_conv0/biases"], "attr": {"T": {"type": "DT_FLOAT"}, "data_format": {"s": "TkhXQw=="}}}, {"name": "block0_2_conv0/block0_2_conv0", "op": "Relu", "input": ["block0_2_conv0/BiasAdd"], "attr": {"T": {"type": "DT_FLOAT"}}}, {"name": "block0_2_conv1/pad_size", "op": "Pad", "input": ["block0_2_conv0/block0_2_conv0", "conv0/pad_size/paddings"], "attr": {"T": {"type": "DT_FLOAT"}, "Tpaddings": {"type": "DT_INT32"}}}, {"name": "block0_2_conv1/depthwise", "op": "DepthwiseConv2dNative", "input": ["block0_2_conv1/pad_size", "block0_2_conv1/weights"], "attr": {"padding": {"s": "VkFMSUQ="}, "dilations": {"list": {"i": ["1", "1", "1", "1"]}}, "T": {"type": "DT_FLOAT"}, "strides": {"list": {"i": ["1", "1", "1", "1"]}}, "data_format": {"s": "TkhXQw=="}}}, {"name": "block0_2_conv1/BiasAdd", "op": "BiasAdd", "input": ["block0_2_conv1/depthwise", "block0_2_conv1/biases"], "attr": {"T": {"type": "DT_FLOAT"}, "data_format": {"s": "TkhXQw=="}}}, {"name": "block0_2_conv2/Conv2D", "op": "Conv2D", "input": ["block0_2_conv1/BiasAdd", "block0_2_conv2/weights"], "attr": {"dilations": {"list": {"i": ["1", "1", "1", "1"]}}, "T": {"type": "DT_FLOAT"}, "strides": {"list": {"i": ["1", "1", "1", "1"]}}, "data_format": {"s": "TkhXQw=="}, "use_cudnn_on_gpu": {"b": true}, "padding": {"s": "U0FNRQ=="}}}, {"name": "block0_2_conv2/BiasAdd", "op": "BiasAdd", "input": ["block0_2_conv2/Conv2D", "block0_2_conv2/biases"], "attr": {"T": {"type": "DT_FLOAT"}, "data_format": {"s": "TkhXQw=="}}}, {"name": "block0_2_conv2/block0_2_conv2", "op": "Relu", "input": ["block0_2_conv2/BiasAdd"], "attr": {"T": {"type": "DT_FLOAT"}}}, {"name": "block0_2_concat", "op": "ConcatV2", "input": ["block0_2_slice-Slice0", "block0_2_conv2/block0_2_conv2", "block0_0_concat/axis"], "attr": {"Tidx": {"type": "DT_INT32"}, "T": {"type": "DT_FLOAT"}, "N": {"i": "2"}}}, {"name": "block0_2_reshape0", "op": "Reshape", "input": ["block0_2_concat", "block0_0_reshape0/shape"], "attr": {"T": {"type": "DT_FLOAT"}, "Tshape": {"type": "DT_INT32"}}}, {"name": "block0_2_transpose", "op": "Transpose", "input": ["block0_2_reshape0", "block0_0_transpose/perm"], "attr": {"Tperm": {"type": "DT_INT32"}, "T": {"type": "DT_FLOAT"}}}, {"name": "block0_2_reshape1", "op": "Reshape", "input": ["block0_2_transpose", "block0_0_reshape1/shape"], "attr": {"T": {"type": "DT_FLOAT"}, "Tshape": {"type": "DT_INT32"}}}, {"name": "block0_3_slice-Slice1", "op": "Slice", "input": ["block0_2_reshape1", "block0_1_slice-Slice1/begin", "block0_1_slice-Slice0/size"], "attr": {"Index": {"type": "DT_INT32"}, "T": {"type": "DT_FLOAT"}}}, {"name": "block0_3_slice-Slice0", "op": "Slice", "input": ["block0_2_reshape1", "block0_1_slice-Slice0/begin", "block0_1_slice-Slice0/size"], "attr": {"Index": {"type": "DT_INT32"}, "T": {"type": "DT_FLOAT"}}}, {"name": "block0_3_conv0/Conv2D", "op": "Conv2D", "input": ["block0_3_slice-Slice1", "block0_3_conv0/weights"], "attr": {"use_cudnn_on_gpu": {"b": true}, "padding": {"s": "U0FNRQ=="}, "dilations": {"list": {"i": ["1", "1", "1", "1"]}}, "T": {"type": "DT_FLOAT"}, "data_format": {"s": "TkhXQw=="}, "strides": {"list": {"i": ["1", "1", "1", "1"]}}}}, {"name": "block0_3_conv0/BiasAdd", "op": "BiasAdd", "input": ["block0_3_conv0/Conv2D", "block0_3_conv0/biases"], "attr": {"T": {"type": "DT_FLOAT"}, "data_format": {"s": "TkhXQw=="}}}, {"name": "block0_3_conv0/block0_3_conv0", "op": "Relu", "input": ["block0_3_conv0/BiasAdd"], "attr": {"T": {"type": "DT_FLOAT"}}}, {"name": "block0_3_conv1/pad_size", "op": "Pad", "input": ["block0_3_conv0/block0_3_conv0", "conv0/pad_size/paddings"], "attr": {"T": {"type": "DT_FLOAT"}, "Tpaddings": {"type": "DT_INT32"}}}, {"name": "block0_3_conv1/depthwise", "op": "DepthwiseConv2dNative", "input": ["block0_3_conv1/pad_size", "block0_3_conv1/weights"], "attr": {"padding": {"s": "VkFMSUQ="}, "dilations": {"list": {"i": ["1", "1", "1", "1"]}}, "T": {"type": "DT_FLOAT"}, "strides": {"list": {"i": ["1", "1", "1", "1"]}}, "data_format": {"s": "TkhXQw=="}}}, {"name": "block0_3_conv1/BiasAdd", "op": "BiasAdd", "input": ["block0_3_conv1/depthwise", "block0_3_conv1/biases"], "attr": {"T": {"type": "DT_FLOAT"}, "data_format": {"s": "TkhXQw=="}}}, {"name": "block0_3_conv2/Conv2D", "op": "Conv2D", "input": ["block0_3_conv1/BiasAdd", "block0_3_conv2/weights"], "attr": {"dilations": {"list": {"i": ["1", "1", "1", "1"]}}, "T": {"type": "DT_FLOAT"}, "strides": {"list": {"i": ["1", "1", "1", "1"]}}, "data_format": {"s": "TkhXQw=="}, "use_cudnn_on_gpu": {"b": true}, "padding": {"s": "U0FNRQ=="}}}, {"name": "block0_3_conv2/BiasAdd", "op": "BiasAdd", "input": ["block0_3_conv2/Conv2D", "block0_3_conv2/biases"], "attr": {"T": {"type": "DT_FLOAT"}, "data_format": {"s": "TkhXQw=="}}}, {"name": "block0_3_conv2/block0_3_conv2", "op": "Relu", "input": ["block0_3_conv2/BiasAdd"], "attr": {"T": {"type": "DT_FLOAT"}}}, {"name": "block0_3_concat", "op": "ConcatV2", "input": ["block0_3_slice-Slice0", "block0_3_conv2/block0_3_conv2", "block0_0_concat/axis"], "attr": {"T": {"type": "DT_FLOAT"}, "N": {"i": "2"}, "Tidx": {"type": "DT_INT32"}}}, {"name": "block0_3_reshape0", "op": "Reshape", "input": ["block0_3_concat", "block0_0_reshape0/shape"], "attr": {"T": {"type": "DT_FLOAT"}, "Tshape": {"type": "DT_INT32"}}}, {"name": "block0_3_transpose", "op": "Transpose", "input": ["block0_3_reshape0", "block0_0_transpose/perm"], "attr": {"Tperm": {"type": "DT_INT32"}, "T": {"type": "DT_FLOAT"}}}, {"name": "block0_3_reshape1", "op": "Reshape", "input": ["block0_3_transpose", "block0_0_reshape1/shape"], "attr": {"T": {"type": "DT_FLOAT"}, "Tshape": {"type": "DT_INT32"}}}, {"name": "block1_0_conv0/Conv2D", "op": "Conv2D", "input": ["block0_3_reshape1", "block1_0_conv0/weights"], "attr": {"dilations": {"list": {"i": ["1", "1", "1", "1"]}}, "T": {"type": "DT_FLOAT"}, "data_format": {"s": "TkhXQw=="}, "strides": {"list": {"i": ["1", "1", "1", "1"]}}, "use_cudnn_on_gpu": {"b": true}, "padding": {"s": "U0FNRQ=="}}}, {"name": "block1_0_conv3/pad_size", "op": "Pad", "input": ["block0_3_reshape1", "conv0/pad_size/paddings"], "attr": {"T": {"type": "DT_FLOAT"}, "Tpaddings": {"type": "DT_INT32"}}}, {"name": "block1_0_conv0/BiasAdd", "op": "BiasAdd", "input": ["block1_0_conv0/Conv2D", "block1_0_conv0/biases"], "attr": {"T": {"type": "DT_FLOAT"}, "data_format": {"s": "TkhXQw=="}}}, {"name": "block1_0_conv3/depthwise", "op": "DepthwiseConv2dNative", "input": ["block1_0_conv3/pad_size", "block1_0_conv3/weights"], "attr": {"padding": {"s": "VkFMSUQ="}, "dilations": {"list": {"i": ["1", "1", "1", "1"]}}, "T": {"type": "DT_FLOAT"}, "strides": {"list": {"i": ["1", "2", "2", "1"]}}, "data_format": {"s": "TkhXQw=="}}}, {"name": "block1_0_conv0/block1_0_conv0", "op": "Relu", "input": ["block1_0_conv0/BiasAdd"], "attr": {"T": {"type": "DT_FLOAT"}}}, {"name": "block1_0_conv3/BiasAdd", "op": "BiasAdd", "input": ["block1_0_conv3/depthwise", "block1_0_conv3/biases"], "attr": {"T": {"type": "DT_FLOAT"}, "data_format": {"s": "TkhXQw=="}}}, {"name": "block1_0_conv1/pad_size", "op": "Pad", "input": ["block1_0_conv0/block1_0_conv0", "conv0/pad_size/paddings"], "attr": {"T": {"type": "DT_FLOAT"}, "Tpaddings": {"type": "DT_INT32"}}}, {"name": "block1_0_conv4/Conv2D", "op": "Conv2D", "input": ["block1_0_conv3/BiasAdd", "block1_0_conv4/weights"], "attr": {"dilations": {"list": {"i": ["1", "1", "1", "1"]}}, "T": {"type": "DT_FLOAT"}, "strides": {"list": {"i": ["1", "1", "1", "1"]}}, "data_format": {"s": "TkhXQw=="}, "use_cudnn_on_gpu": {"b": true}, "padding": {"s": "U0FNRQ=="}}}, {"name": "block1_0_conv1/depthwise", "op": "DepthwiseConv2dNative", "input": ["block1_0_conv1/pad_size", "block1_0_conv1/weights"], "attr": {"padding": {"s": "VkFMSUQ="}, "dilations": {"list": {"i": ["1", "1", "1", "1"]}}, "T": {"type": "DT_FLOAT"}, "strides": {"list": {"i": ["1", "2", "2", "1"]}}, "data_format": {"s": "TkhXQw=="}}}, {"name": "block1_0_conv4/BiasAdd", "op": "BiasAdd", "input": ["block1_0_conv4/Conv2D", "block1_0_conv4/biases"], "attr": {"T": {"type": "DT_FLOAT"}, "data_format": {"s": "TkhXQw=="}}}, {"name": "block1_0_conv1/BiasAdd", "op": "BiasAdd", "input": ["block1_0_conv1/depthwise", "block1_0_conv1/biases"], "attr": {"T": {"type": "DT_FLOAT"}, "data_format": {"s": "TkhXQw=="}}}, {"name": "block1_0_conv2/Conv2D", "op": "Conv2D", "input": ["block1_0_conv1/BiasAdd", "block1_0_conv2/weights"], "attr": {"use_cudnn_on_gpu": {"b": true}, "padding": {"s": "U0FNRQ=="}, "dilations": {"list": {"i": ["1", "1", "1", "1"]}}, "T": {"type": "DT_FLOAT"}, "data_format": {"s": "TkhXQw=="}, "strides": {"list": {"i": ["1", "1", "1", "1"]}}}}, {"name": "block1_0_conv2/BiasAdd", "op": "BiasAdd", "input": ["block1_0_conv2/Conv2D", "block1_0_conv2/biases"], "attr": {"T": {"type": "DT_FLOAT"}, "data_format": {"s": "TkhXQw=="}}}, {"name": "block1_0_concat", "op": "ConcatV2", "input": ["block1_0_conv4/BiasAdd", "block1_0_conv2/BiasAdd", "block0_0_concat/axis"], "attr": {"T": {"type": "DT_FLOAT"}, "N": {"i": "2"}, "Tidx": {"type": "DT_INT32"}}}, {"name": "block1_0_conv4/block1_0_conv4", "op": "Relu", "input": ["block1_0_concat"], "attr": {"T": {"type": "DT_FLOAT"}}}, {"name": "block1_0_reshape0", "op": "Reshape", "input": ["block1_0_conv4/block1_0_conv4", "block1_0_reshape0/shape"], "attr": {"T": {"type": "DT_FLOAT"}, "Tshape": {"type": "DT_INT32"}}}, {"name": "block1_0_transpose", "op": "Transpose", "input": ["block1_0_reshape0", "block0_0_transpose/perm"], "attr": {"T": {"type": "DT_FLOAT"}, "Tperm": {"type": "DT_INT32"}}}, {"name": "block1_0_reshape1", "op": "Reshape", "input": ["block1_0_transpose", "block1_0_reshape1/shape"], "attr": {"T": {"type": "DT_FLOAT"}, "Tshape": {"type": "DT_INT32"}}}, {"name": "block1_1_slice-Slice1", "op": "Slice", "input": ["block1_0_reshape1", "block1_1_slice-Slice1/begin", "block1_1_slice-Slice0/size"], "attr": {"Index": {"type": "DT_INT32"}, "T": {"type": "DT_FLOAT"}}}, {"name": "block1_1_slice-Slice0", "op": "Slice", "input": ["block1_0_reshape1", "block0_1_slice-Slice0/begin", "block1_1_slice-Slice0/size"], "attr": {"Index": {"type": "DT_INT32"}, "T": {"type": "DT_FLOAT"}}}, {"name": "block1_1_conv0/Conv2D", "op": "Conv2D", "input": ["block1_1_slice-Slice1", "block1_1_conv0/weights"], "attr": {"dilations": {"list": {"i": ["1", "1", "1", "1"]}}, "T": {"type": "DT_FLOAT"}, "data_format": {"s": "TkhXQw=="}, "strides": {"list": {"i": ["1", "1", "1", "1"]}}, "use_cudnn_on_gpu": {"b": true}, "padding": {"s": "U0FNRQ=="}}}, {"name": "block1_1_conv0/BiasAdd", "op": "BiasAdd", "input": ["block1_1_conv0/Conv2D", "block1_1_conv0/biases"], "attr": {"T": {"type": "DT_FLOAT"}, "data_format": {"s": "TkhXQw=="}}}, {"name": "block1_1_conv0/block1_1_conv0", "op": "Relu", "input": ["block1_1_conv0/BiasAdd"], "attr": {"T": {"type": "DT_FLOAT"}}}, {"name": "block1_1_conv1/pad_size", "op": "Pad", "input": ["block1_1_conv0/block1_1_conv0", "conv0/pad_size/paddings"], "attr": {"T": {"type": "DT_FLOAT"}, "Tpaddings": {"type": "DT_INT32"}}}, {"name": "block1_1_conv1/depthwise", "op": "DepthwiseConv2dNative", "input": ["block1_1_conv1/pad_size", "block1_1_conv1/weights"], "attr": {"padding": {"s": "VkFMSUQ="}, "dilations": {"list": {"i": ["1", "1", "1", "1"]}}, "T": {"type": "DT_FLOAT"}, "strides": {"list": {"i": ["1", "1", "1", "1"]}}, "data_format": {"s": "TkhXQw=="}}}, {"name": "block1_1_conv1/BiasAdd", "op": "BiasAdd", "input": ["block1_1_conv1/depthwise", "block1_1_conv1/biases"], "attr": {"T": {"type": "DT_FLOAT"}, "data_format": {"s": "TkhXQw=="}}}, {"name": "block1_1_conv2/Conv2D", "op": "Conv2D", "input": ["block1_1_conv1/BiasAdd", "block1_1_conv2/weights"], "attr": {"padding": {"s": "U0FNRQ=="}, "dilations": {"list": {"i": ["1", "1", "1", "1"]}}, "T": {"type": "DT_FLOAT"}, "strides": {"list": {"i": ["1", "1", "1", "1"]}}, "data_format": {"s": "TkhXQw=="}, "use_cudnn_on_gpu": {"b": true}}}, {"name": "block1_1_conv2/BiasAdd", "op": "BiasAdd", "input": ["block1_1_conv2/Conv2D", "block1_1_conv2/biases"], "attr": {"T": {"type": "DT_FLOAT"}, "data_format": {"s": "TkhXQw=="}}}, {"name": "block1_1_conv2/block1_1_conv2", "op": "Relu", "input": ["block1_1_conv2/BiasAdd"], "attr": {"T": {"type": "DT_FLOAT"}}}, {"name": "block1_1_concat", "op": "ConcatV2", "input": ["block1_1_slice-Slice0", "block1_1_conv2/block1_1_conv2", "block0_0_concat/axis"], "attr": {"T": {"type": "DT_FLOAT"}, "N": {"i": "2"}, "Tidx": {"type": "DT_INT32"}}}, {"name": "block1_1_reshape0", "op": "Reshape", "input": ["block1_1_concat", "block1_0_reshape0/shape"], "attr": {"T": {"type": "DT_FLOAT"}, "Tshape": {"type": "DT_INT32"}}}, {"name": "block1_1_transpose", "op": "Transpose", "input": ["block1_1_reshape0", "block0_0_transpose/perm"], "attr": {"Tperm": {"type": "DT_INT32"}, "T": {"type": "DT_FLOAT"}}}, {"name": "block1_1_reshape1", "op": "Reshape", "input": ["block1_1_transpose", "block1_0_reshape1/shape"], "attr": {"T": {"type": "DT_FLOAT"}, "Tshape": {"type": "DT_INT32"}}}, {"name": "block1_2_slice-Slice1", "op": "Slice", "input": ["block1_1_reshape1", "block1_1_slice-Slice1/begin", "block1_1_slice-Slice0/size"], "attr": {"Index": {"type": "DT_INT32"}, "T": {"type": "DT_FLOAT"}}}, {"name": "block1_2_slice-Slice0", "op": "Slice", "input": ["block1_1_reshape1", "block0_1_slice-Slice0/begin", "block1_1_slice-Slice0/size"], "attr": {"Index": {"type": "DT_INT32"}, "T": {"type": "DT_FLOAT"}}}, {"name": "block1_2_conv0/Conv2D", "op": "Conv2D", "input": ["block1_2_slice-Slice1", "block1_2_conv0/weights"], "attr": {"use_cudnn_on_gpu": {"b": true}, "padding": {"s": "U0FNRQ=="}, "dilations": {"list": {"i": ["1", "1", "1", "1"]}}, "T": {"type": "DT_FLOAT"}, "data_format": {"s": "TkhXQw=="}, "strides": {"list": {"i": ["1", "1", "1", "1"]}}}}, {"name": "block1_2_conv0/BiasAdd", "op": "BiasAdd", "input": ["block1_2_conv0/Conv2D", "block1_2_conv0/biases"], "attr": {"T": {"type": "DT_FLOAT"}, "data_format": {"s": "TkhXQw=="}}}, {"name": "block1_2_conv0/block1_2_conv0", "op": "Relu", "input": ["block1_2_conv0/BiasAdd"], "attr": {"T": {"type": "DT_FLOAT"}}}, {"name": "block1_2_conv1/pad_size", "op": "Pad", "input": ["block1_2_conv0/block1_2_conv0", "conv0/pad_size/paddings"], "attr": {"T": {"type": "DT_FLOAT"}, "Tpaddings": {"type": "DT_INT32"}}}, {"name": "block1_2_conv1/depthwise", "op": "DepthwiseConv2dNative", "input": ["block1_2_conv1/pad_size", "block1_2_conv1/weights"], "attr": {"padding": {"s": "VkFMSUQ="}, "dilations": {"list": {"i": ["1", "1", "1", "1"]}}, "T": {"type": "DT_FLOAT"}, "strides": {"list": {"i": ["1", "1", "1", "1"]}}, "data_format": {"s": "TkhXQw=="}}}, {"name": "block1_2_conv1/BiasAdd", "op": "BiasAdd", "input": ["block1_2_conv1/depthwise", "block1_2_conv1/biases"], "attr": {"T": {"type": "DT_FLOAT"}, "data_format": {"s": "TkhXQw=="}}}, {"name": "block1_2_conv2/Conv2D", "op": "Conv2D", "input": ["block1_2_conv1/BiasAdd", "block1_2_conv2/weights"], "attr": {"dilations": {"list": {"i": ["1", "1", "1", "1"]}}, "T": {"type": "DT_FLOAT"}, "data_format": {"s": "TkhXQw=="}, "strides": {"list": {"i": ["1", "1", "1", "1"]}}, "use_cudnn_on_gpu": {"b": true}, "padding": {"s": "U0FNRQ=="}}}, {"name": "block1_2_conv2/BiasAdd", "op": "BiasAdd", "input": ["block1_2_conv2/Conv2D", "block1_2_conv2/biases"], "attr": {"T": {"type": "DT_FLOAT"}, "data_format": {"s": "TkhXQw=="}}}, {"name": "block1_2_conv2/block1_2_conv2", "op": "Relu", "input": ["block1_2_conv2/BiasAdd"], "attr": {"T": {"type": "DT_FLOAT"}}}, {"name": "block1_2_concat", "op": "ConcatV2", "input": ["block1_2_slice-Slice0", "block1_2_conv2/block1_2_conv2", "block0_0_concat/axis"], "attr": {"Tidx": {"type": "DT_INT32"}, "T": {"type": "DT_FLOAT"}, "N": {"i": "2"}}}, {"name": "block1_2_reshape0", "op": "Reshape", "input": ["block1_2_concat", "block1_0_reshape0/shape"], "attr": {"T": {"type": "DT_FLOAT"}, "Tshape": {"type": "DT_INT32"}}}, {"name": "block1_2_transpose", "op": "Transpose", "input": ["block1_2_reshape0", "block0_0_transpose/perm"], "attr": {"Tperm": {"type": "DT_INT32"}, "T": {"type": "DT_FLOAT"}}}, {"name": "block1_2_reshape1", "op": "Reshape", "input": ["block1_2_transpose", "block1_0_reshape1/shape"], "attr": {"T": {"type": "DT_FLOAT"}, "Tshape": {"type": "DT_INT32"}}}, {"name": "block1_3_slice-Slice1", "op": "Slice", "input": ["block1_2_reshape1", "block1_1_slice-Slice1/begin", "block1_1_slice-Slice0/size"], "attr": {"Index": {"type": "DT_INT32"}, "T": {"type": "DT_FLOAT"}}}, {"name": "block1_3_slice-Slice0", "op": "Slice", "input": ["block1_2_reshape1", "block0_1_slice-Slice0/begin", "block1_1_slice-Slice0/size"], "attr": {"Index": {"type": "DT_INT32"}, "T": {"type": "DT_FLOAT"}}}, {"name": "block1_3_conv0/Conv2D", "op": "Conv2D", "input": ["block1_3_slice-Slice1", "block1_3_conv0/weights"], "attr": {"use_cudnn_on_gpu": {"b": true}, "padding": {"s": "U0FNRQ=="}, "dilations": {"list": {"i": ["1", "1", "1", "1"]}}, "T": {"type": "DT_FLOAT"}, "data_format": {"s": "TkhXQw=="}, "strides": {"list": {"i": ["1", "1", "1", "1"]}}}}, {"name": "block1_3_conv0/BiasAdd", "op": "BiasAdd", "input": ["block1_3_conv0/Conv2D", "block1_3_conv0/biases"], "attr": {"T": {"type": "DT_FLOAT"}, "data_format": {"s": "TkhXQw=="}}}, {"name": "block1_3_conv0/block1_3_conv0", "op": "Relu", "input": ["block1_3_conv0/BiasAdd"], "attr": {"T": {"type": "DT_FLOAT"}}}, {"name": "block1_3_conv1/pad_size", "op": "Pad", "input": ["block1_3_conv0/block1_3_conv0", "conv0/pad_size/paddings"], "attr": {"T": {"type": "DT_FLOAT"}, "Tpaddings": {"type": "DT_INT32"}}}, {"name": "block1_3_conv1/depthwise", "op": "DepthwiseConv2dNative", "input": ["block1_3_conv1/pad_size", "block1_3_conv1/weights"], "attr": {"padding": {"s": "VkFMSUQ="}, "dilations": {"list": {"i": ["1", "1", "1", "1"]}}, "T": {"type": "DT_FLOAT"}, "strides": {"list": {"i": ["1", "1", "1", "1"]}}, "data_format": {"s": "TkhXQw=="}}}, {"name": "block1_3_conv1/BiasAdd", "op": "BiasAdd", "input": ["block1_3_conv1/depthwise", "block1_3_conv1/biases"], "attr": {"T": {"type": "DT_FLOAT"}, "data_format": {"s": "TkhXQw=="}}}, {"name": "block1_3_conv2/Conv2D", "op": "Conv2D", "input": ["block1_3_conv1/BiasAdd", "block1_3_conv2/weights"], "attr": {"dilations": {"list": {"i": ["1", "1", "1", "1"]}}, "T": {"type": "DT_FLOAT"}, "strides": {"list": {"i": ["1", "1", "1", "1"]}}, "data_format": {"s": "TkhXQw=="}, "use_cudnn_on_gpu": {"b": true}, "padding": {"s": "U0FNRQ=="}}}, {"name": "block1_3_conv2/BiasAdd", "op": "BiasAdd", "input": ["block1_3_conv2/Conv2D", "block1_3_conv2/biases"], "attr": {"T": {"type": "DT_FLOAT"}, "data_format": {"s": "TkhXQw=="}}}, {"name": "block1_3_conv2/block1_3_conv2", "op": "Relu", "input": ["block1_3_conv2/BiasAdd"], "attr": {"T": {"type": "DT_FLOAT"}}}, {"name": "block1_3_concat", "op": "ConcatV2", "input": ["block1_3_slice-Slice0", "block1_3_conv2/block1_3_conv2", "block0_0_concat/axis"], "attr": {"T": {"type": "DT_FLOAT"}, "N": {"i": "2"}, "Tidx": {"type": "DT_INT32"}}}, {"name": "block1_3_reshape0", "op": "Reshape", "input": ["block1_3_concat", "block1_0_reshape0/shape"], "attr": {"T": {"type": "DT_FLOAT"}, "Tshape": {"type": "DT_INT32"}}}, {"name": "block1_3_transpose", "op": "Transpose", "input": ["block1_3_reshape0", "block0_0_transpose/perm"], "attr": {"T": {"type": "DT_FLOAT"}, "Tperm": {"type": "DT_INT32"}}}, {"name": "block1_3_reshape1", "op": "Reshape", "input": ["block1_3_transpose", "block1_0_reshape1/shape"], "attr": {"T": {"type": "DT_FLOAT"}, "Tshape": {"type": "DT_INT32"}}}, {"name": "block1_4_slice-Slice1", "op": "Slice", "input": ["block1_3_reshape1", "block1_1_slice-Slice1/begin", "block1_1_slice-Slice0/size"], "attr": {"Index": {"type": "DT_INT32"}, "T": {"type": "DT_FLOAT"}}}, {"name": "block1_4_slice-Slice0", "op": "Slice", "input": ["block1_3_reshape1", "block0_1_slice-Slice0/begin", "block1_1_slice-Slice0/size"], "attr": {"Index": {"type": "DT_INT32"}, "T": {"type": "DT_FLOAT"}}}, {"name": "block1_4_conv0/Conv2D", "op": "Conv2D", "input": ["block1_4_slice-Slice1", "block1_4_conv0/weights"], "attr": {"dilations": {"list": {"i": ["1", "1", "1", "1"]}}, "T": {"type": "DT_FLOAT"}, "strides": {"list": {"i": ["1", "1", "1", "1"]}}, "data_format": {"s": "TkhXQw=="}, "use_cudnn_on_gpu": {"b": true}, "padding": {"s": "U0FNRQ=="}}}, {"name": "block1_4_conv0/BiasAdd", "op": "BiasAdd", "input": ["block1_4_conv0/Conv2D", "block1_4_conv0/biases"], "attr": {"T": {"type": "DT_FLOAT"}, "data_format": {"s": "TkhXQw=="}}}, {"name": "block1_4_conv0/block1_4_conv0", "op": "Relu", "input": ["block1_4_conv0/BiasAdd"], "attr": {"T": {"type": "DT_FLOAT"}}}, {"name": "block1_4_conv1/pad_size", "op": "Pad", "input": ["block1_4_conv0/block1_4_conv0", "conv0/pad_size/paddings"], "attr": {"T": {"type": "DT_FLOAT"}, "Tpaddings": {"type": "DT_INT32"}}}, {"name": "block1_4_conv1/depthwise", "op": "DepthwiseConv2dNative", "input": ["block1_4_conv1/pad_size", "block1_4_conv1/weights"], "attr": {"padding": {"s": "VkFMSUQ="}, "dilations": {"list": {"i": ["1", "1", "1", "1"]}}, "T": {"type": "DT_FLOAT"}, "strides": {"list": {"i": ["1", "1", "1", "1"]}}, "data_format": {"s": "TkhXQw=="}}}, {"name": "block1_4_conv1/BiasAdd", "op": "BiasAdd", "input": ["block1_4_conv1/depthwise", "block1_4_conv1/biases"], "attr": {"T": {"type": "DT_FLOAT"}, "data_format": {"s": "TkhXQw=="}}}, {"name": "block1_4_conv2/Conv2D", "op": "Conv2D", "input": ["block1_4_conv1/BiasAdd", "block1_4_conv2/weights"], "attr": {"dilations": {"list": {"i": ["1", "1", "1", "1"]}}, "T": {"type": "DT_FLOAT"}, "strides": {"list": {"i": ["1", "1", "1", "1"]}}, "data_format": {"s": "TkhXQw=="}, "use_cudnn_on_gpu": {"b": true}, "padding": {"s": "U0FNRQ=="}}}, {"name": "block1_4_conv2/BiasAdd", "op": "BiasAdd", "input": ["block1_4_conv2/Conv2D", "block1_4_conv2/biases"], "attr": {"T": {"type": "DT_FLOAT"}, "data_format": {"s": "TkhXQw=="}}}, {"name": "block1_4_conv2/block1_4_conv2", "op": "Relu", "input": ["block1_4_conv2/BiasAdd"], "attr": {"T": {"type": "DT_FLOAT"}}}, {"name": "block1_4_concat", "op": "ConcatV2", "input": ["block1_4_slice-Slice0", "block1_4_conv2/block1_4_conv2", "block0_0_concat/axis"], "attr": {"Tidx": {"type": "DT_INT32"}, "T": {"type": "DT_FLOAT"}, "N": {"i": "2"}}}, {"name": "block1_4_reshape0", "op": "Reshape", "input": ["block1_4_concat", "block1_0_reshape0/shape"], "attr": {"T": {"type": "DT_FLOAT"}, "Tshape": {"type": "DT_INT32"}}}, {"name": "block1_4_transpose", "op": "Transpose", "input": ["block1_4_reshape0", "block0_0_transpose/perm"], "attr": {"T": {"type": "DT_FLOAT"}, "Tperm": {"type": "DT_INT32"}}}, {"name": "block1_4_reshape1", "op": "Reshape", "input": ["block1_4_transpose", "block1_0_reshape1/shape"], "attr": {"T": {"type": "DT_FLOAT"}, "Tshape": {"type": "DT_INT32"}}}, {"name": "block1_5_slice-Slice1", "op": "Slice", "input": ["block1_4_reshape1", "block1_1_slice-Slice1/begin", "block1_1_slice-Slice0/size"], "attr": {"Index": {"type": "DT_INT32"}, "T": {"type": "DT_FLOAT"}}}, {"name": "block1_5_slice-Slice0", "op": "Slice", "input": ["block1_4_reshape1", "block0_1_slice-Slice0/begin", "block1_1_slice-Slice0/size"], "attr": {"Index": {"type": "DT_INT32"}, "T": {"type": "DT_FLOAT"}}}, {"name": "block1_5_conv0/Conv2D", "op": "Conv2D", "input": ["block1_5_slice-Slice1", "block1_5_conv0/weights"], "attr": {"padding": {"s": "U0FNRQ=="}, "dilations": {"list": {"i": ["1", "1", "1", "1"]}}, "T": {"type": "DT_FLOAT"}, "strides": {"list": {"i": ["1", "1", "1", "1"]}}, "data_format": {"s": "TkhXQw=="}, "use_cudnn_on_gpu": {"b": true}}}, {"name": "block1_5_conv0/BiasAdd", "op": "BiasAdd", "input": ["block1_5_conv0/Conv2D", "block1_5_conv0/biases"], "attr": {"T": {"type": "DT_FLOAT"}, "data_format": {"s": "TkhXQw=="}}}, {"name": "block1_5_conv0/block1_5_conv0", "op": "Relu", "input": ["block1_5_conv0/BiasAdd"], "attr": {"T": {"type": "DT_FLOAT"}}}, {"name": "block1_5_conv1/pad_size", "op": "Pad", "input": ["block1_5_conv0/block1_5_conv0", "conv0/pad_size/paddings"], "attr": {"T": {"type": "DT_FLOAT"}, "Tpaddings": {"type": "DT_INT32"}}}, {"name": "block1_5_conv1/depthwise", "op": "DepthwiseConv2dNative", "input": ["block1_5_conv1/pad_size", "block1_5_conv1/weights"], "attr": {"padding": {"s": "VkFMSUQ="}, "dilations": {"list": {"i": ["1", "1", "1", "1"]}}, "T": {"type": "DT_FLOAT"}, "strides": {"list": {"i": ["1", "1", "1", "1"]}}, "data_format": {"s": "TkhXQw=="}}}, {"name": "block1_5_conv1/BiasAdd", "op": "BiasAdd", "input": ["block1_5_conv1/depthwise", "block1_5_conv1/biases"], "attr": {"T": {"type": "DT_FLOAT"}, "data_format": {"s": "TkhXQw=="}}}, {"name": "block1_5_conv2/Conv2D", "op": "Conv2D", "input": ["block1_5_conv1/BiasAdd", "block1_5_conv2/weights"], "attr": {"dilations": {"list": {"i": ["1", "1", "1", "1"]}}, "T": {"type": "DT_FLOAT"}, "strides": {"list": {"i": ["1", "1", "1", "1"]}}, "data_format": {"s": "TkhXQw=="}, "use_cudnn_on_gpu": {"b": true}, "padding": {"s": "U0FNRQ=="}}}, {"name": "block1_5_conv2/BiasAdd", "op": "BiasAdd", "input": ["block1_5_conv2/Conv2D", "block1_5_conv2/biases"], "attr": {"T": {"type": "DT_FLOAT"}, "data_format": {"s": "TkhXQw=="}}}, {"name": "block1_5_conv2/block1_5_conv2", "op": "Relu", "input": ["block1_5_conv2/BiasAdd"], "attr": {"T": {"type": "DT_FLOAT"}}}, {"name": "block1_5_concat", "op": "ConcatV2", "input": ["block1_5_slice-Slice0", "block1_5_conv2/block1_5_conv2", "block0_0_concat/axis"], "attr": {"Tidx": {"type": "DT_INT32"}, "T": {"type": "DT_FLOAT"}, "N": {"i": "2"}}}, {"name": "block1_5_reshape0", "op": "Reshape", "input": ["block1_5_concat", "block1_0_reshape0/shape"], "attr": {"T": {"type": "DT_FLOAT"}, "Tshape": {"type": "DT_INT32"}}}, {"name": "block1_5_transpose", "op": "Transpose", "input": ["block1_5_reshape0", "block0_0_transpose/perm"], "attr": {"T": {"type": "DT_FLOAT"}, "Tperm": {"type": "DT_INT32"}}}, {"name": "block1_5_reshape1", "op": "Reshape", "input": ["block1_5_transpose", "block1_0_reshape1/shape"], "attr": {"T": {"type": "DT_FLOAT"}, "Tshape": {"type": "DT_INT32"}}}, {"name": "block1_6_slice-Slice1", "op": "Slice", "input": ["block1_5_reshape1", "block1_1_slice-Slice1/begin", "block1_1_slice-Slice0/size"], "attr": {"Index": {"type": "DT_INT32"}, "T": {"type": "DT_FLOAT"}}}, {"name": "block1_6_slice-Slice0", "op": "Slice", "input": ["block1_5_reshape1", "block0_1_slice-Slice0/begin", "block1_1_slice-Slice0/size"], "attr": {"Index": {"type": "DT_INT32"}, "T": {"type": "DT_FLOAT"}}}, {"name": "block1_6_conv0/Conv2D", "op": "Conv2D", "input": ["block1_6_slice-Slice1", "block1_6_conv0/weights"], "attr": {"dilations": {"list": {"i": ["1", "1", "1", "1"]}}, "T": {"type": "DT_FLOAT"}, "strides": {"list": {"i": ["1", "1", "1", "1"]}}, "data_format": {"s": "TkhXQw=="}, "use_cudnn_on_gpu": {"b": true}, "padding": {"s": "U0FNRQ=="}}}, {"name": "block1_6_conv0/BiasAdd", "op": "BiasAdd", "input": ["block1_6_conv0/Conv2D", "block1_6_conv0/biases"], "attr": {"T": {"type": "DT_FLOAT"}, "data_format": {"s": "TkhXQw=="}}}, {"name": "block1_6_conv0/block1_6_conv0", "op": "Relu", "input": ["block1_6_conv0/BiasAdd"], "attr": {"T": {"type": "DT_FLOAT"}}}, {"name": "block1_6_conv1/pad_size", "op": "Pad", "input": ["block1_6_conv0/block1_6_conv0", "conv0/pad_size/paddings"], "attr": {"T": {"type": "DT_FLOAT"}, "Tpaddings": {"type": "DT_INT32"}}}, {"name": "block1_6_conv1/depthwise", "op": "DepthwiseConv2dNative", "input": ["block1_6_conv1/pad_size", "block1_6_conv1/weights"], "attr": {"padding": {"s": "VkFMSUQ="}, "dilations": {"list": {"i": ["1", "1", "1", "1"]}}, "T": {"type": "DT_FLOAT"}, "strides": {"list": {"i": ["1", "1", "1", "1"]}}, "data_format": {"s": "TkhXQw=="}}}, {"name": "block1_6_conv1/BiasAdd", "op": "BiasAdd", "input": ["block1_6_conv1/depthwise", "block1_6_conv1/biases"], "attr": {"T": {"type": "DT_FLOAT"}, "data_format": {"s": "TkhXQw=="}}}, {"name": "block1_6_conv2/Conv2D", "op": "Conv2D", "input": ["block1_6_conv1/BiasAdd", "block1_6_conv2/weights"], "attr": {"use_cudnn_on_gpu": {"b": true}, "padding": {"s": "U0FNRQ=="}, "dilations": {"list": {"i": ["1", "1", "1", "1"]}}, "T": {"type": "DT_FLOAT"}, "data_format": {"s": "TkhXQw=="}, "strides": {"list": {"i": ["1", "1", "1", "1"]}}}}, {"name": "block1_6_conv2/BiasAdd", "op": "BiasAdd", "input": ["block1_6_conv2/Conv2D", "block1_6_conv2/biases"], "attr": {"T": {"type": "DT_FLOAT"}, "data_format": {"s": "TkhXQw=="}}}, {"name": "block1_6_conv2/block1_6_conv2", "op": "Relu", "input": ["block1_6_conv2/BiasAdd"], "attr": {"T": {"type": "DT_FLOAT"}}}, {"name": "block1_6_concat", "op": "ConcatV2", "input": ["block1_6_slice-Slice0", "block1_6_conv2/block1_6_conv2", "block0_0_concat/axis"], "attr": {"Tidx": {"type": "DT_INT32"}, "T": {"type": "DT_FLOAT"}, "N": {"i": "2"}}}, {"name": "block1_6_reshape0", "op": "Reshape", "input": ["block1_6_concat", "block1_0_reshape0/shape"], "attr": {"T": {"type": "DT_FLOAT"}, "Tshape": {"type": "DT_INT32"}}}, {"name": "block1_6_transpose", "op": "Transpose", "input": ["block1_6_reshape0", "block0_0_transpose/perm"], "attr": {"Tperm": {"type": "DT_INT32"}, "T": {"type": "DT_FLOAT"}}}, {"name": "block1_6_reshape1", "op": "Reshape", "input": ["block1_6_transpose", "block1_0_reshape1/shape"], "attr": {"T": {"type": "DT_FLOAT"}, "Tshape": {"type": "DT_INT32"}}}, {"name": "block1_7_slice-Slice1", "op": "Slice", "input": ["block1_6_reshape1", "block1_1_slice-Slice1/begin", "block1_1_slice-Slice0/size"], "attr": {"Index": {"type": "DT_INT32"}, "T": {"type": "DT_FLOAT"}}}, {"name": "block1_7_slice-Slice0", "op": "Slice", "input": ["block1_6_reshape1", "block0_1_slice-Slice0/begin", "block1_1_slice-Slice0/size"], "attr": {"Index": {"type": "DT_INT32"}, "T": {"type": "DT_FLOAT"}}}, {"name": "block1_7_conv0/Conv2D", "op": "Conv2D", "input": ["block1_7_slice-Slice1", "block1_7_conv0/weights"], "attr": {"dilations": {"list": {"i": ["1", "1", "1", "1"]}}, "T": {"type": "DT_FLOAT"}, "data_format": {"s": "TkhXQw=="}, "strides": {"list": {"i": ["1", "1", "1", "1"]}}, "use_cudnn_on_gpu": {"b": true}, "padding": {"s": "U0FNRQ=="}}}, {"name": "block1_7_conv0/BiasAdd", "op": "BiasAdd", "input": ["block1_7_conv0/Conv2D", "block1_7_conv0/biases"], "attr": {"T": {"type": "DT_FLOAT"}, "data_format": {"s": "TkhXQw=="}}}, {"name": "block1_7_conv0/block1_7_conv0", "op": "Relu", "input": ["block1_7_conv0/BiasAdd"], "attr": {"T": {"type": "DT_FLOAT"}}}, {"name": "block1_7_conv1/pad_size", "op": "Pad", "input": ["block1_7_conv0/block1_7_conv0", "conv0/pad_size/paddings"], "attr": {"T": {"type": "DT_FLOAT"}, "Tpaddings": {"type": "DT_INT32"}}}, {"name": "block1_7_conv1/depthwise", "op": "DepthwiseConv2dNative", "input": ["block1_7_conv1/pad_size", "block1_7_conv1/weights"], "attr": {"padding": {"s": "VkFMSUQ="}, "dilations": {"list": {"i": ["1", "1", "1", "1"]}}, "T": {"type": "DT_FLOAT"}, "strides": {"list": {"i": ["1", "1", "1", "1"]}}, "data_format": {"s": "TkhXQw=="}}}, {"name": "block1_7_conv1/BiasAdd", "op": "BiasAdd", "input": ["block1_7_conv1/depthwise", "block1_7_conv1/biases"], "attr": {"T": {"type": "DT_FLOAT"}, "data_format": {"s": "TkhXQw=="}}}, {"name": "block1_7_conv2/Conv2D", "op": "Conv2D", "input": ["block1_7_conv1/BiasAdd", "block1_7_conv2/weights"], "attr": {"use_cudnn_on_gpu": {"b": true}, "padding": {"s": "U0FNRQ=="}, "dilations": {"list": {"i": ["1", "1", "1", "1"]}}, "T": {"type": "DT_FLOAT"}, "strides": {"list": {"i": ["1", "1", "1", "1"]}}, "data_format": {"s": "TkhXQw=="}}}, {"name": "block1_7_conv2/BiasAdd", "op": "BiasAdd", "input": ["block1_7_conv2/Conv2D", "block1_7_conv2/biases"], "attr": {"T": {"type": "DT_FLOAT"}, "data_format": {"s": "TkhXQw=="}}}, {"name": "block1_7_conv2/block1_7_conv2", "op": "Relu", "input": ["block1_7_conv2/BiasAdd"], "attr": {"T": {"type": "DT_FLOAT"}}}, {"name": "block1_7_concat", "op": "ConcatV2", "input": ["block1_7_slice-Slice0", "block1_7_conv2/block1_7_conv2", "block0_0_concat/axis"], "attr": {"T": {"type": "DT_FLOAT"}, "N": {"i": "2"}, "Tidx": {"type": "DT_INT32"}}}, {"name": "block1_7_reshape0", "op": "Reshape", "input": ["block1_7_concat", "block1_0_reshape0/shape"], "attr": {"T": {"type": "DT_FLOAT"}, "Tshape": {"type": "DT_INT32"}}}, {"name": "block1_7_transpose", "op": "Transpose", "input": ["block1_7_reshape0", "block0_0_transpose/perm"], "attr": {"Tperm": {"type": "DT_INT32"}, "T": {"type": "DT_FLOAT"}}}, {"name": "block1_7_reshape1", "op": "Reshape", "input": ["block1_7_transpose", "block1_0_reshape1/shape"], "attr": {"T": {"type": "DT_FLOAT"}, "Tshape": {"type": "DT_INT32"}}}, {"name": "block2_0_conv0/Conv2D", "op": "Conv2D", "input": ["block1_7_reshape1", "block2_0_conv0/weights"], "attr": {"dilations": {"list": {"i": ["1", "1", "1", "1"]}}, "T": {"type": "DT_FLOAT"}, "data_format": {"s": "TkhXQw=="}, "strides": {"list": {"i": ["1", "1", "1", "1"]}}, "use_cudnn_on_gpu": {"b": true}, "padding": {"s": "U0FNRQ=="}}}, {"name": "block2_0_conv3/pad_size", "op": "Pad", "input": ["block1_7_reshape1", "conv0/pad_size/paddings"], "attr": {"T": {"type": "DT_FLOAT"}, "Tpaddings": {"type": "DT_INT32"}}}, {"name": "block2_0_conv0/BiasAdd", "op": "BiasAdd", "input": ["block2_0_conv0/Conv2D", "block2_0_conv0/biases"], "attr": {"T": {"type": "DT_FLOAT"}, "data_format": {"s": "TkhXQw=="}}}, {"name": "block2_0_conv3/depthwise", "op": "DepthwiseConv2dNative", "input": ["block2_0_conv3/pad_size", "block2_0_conv3/weights"], "attr": {"padding": {"s": "VkFMSUQ="}, "dilations": {"list": {"i": ["1", "1", "1", "1"]}}, "T": {"type": "DT_FLOAT"}, "strides": {"list": {"i": ["1", "2", "2", "1"]}}, "data_format": {"s": "TkhXQw=="}}}, {"name": "block2_0_conv0/block2_0_conv0", "op": "Relu", "input": ["block2_0_conv0/BiasAdd"], "attr": {"T": {"type": "DT_FLOAT"}}}, {"name": "block2_0_conv3/BiasAdd", "op": "BiasAdd", "input": ["block2_0_conv3/depthwise", "block2_0_conv3/biases"], "attr": {"T": {"type": "DT_FLOAT"}, "data_format": {"s": "TkhXQw=="}}}, {"name": "block2_0_conv1/pad_size", "op": "Pad", "input": ["block2_0_conv0/block2_0_conv0", "conv0/pad_size/paddings"], "attr": {"T": {"type": "DT_FLOAT"}, "Tpaddings": {"type": "DT_INT32"}}}, {"name": "block2_0_conv4/Conv2D", "op": "Conv2D", "input": ["block2_0_conv3/BiasAdd", "block2_0_conv4/weights"], "attr": {"padding": {"s": "U0FNRQ=="}, "dilations": {"list": {"i": ["1", "1", "1", "1"]}}, "T": {"type": "DT_FLOAT"}, "strides": {"list": {"i": ["1", "1", "1", "1"]}}, "data_format": {"s": "TkhXQw=="}, "use_cudnn_on_gpu": {"b": true}}}, {"name": "block2_0_conv1/depthwise", "op": "DepthwiseConv2dNative", "input": ["block2_0_conv1/pad_size", "block2_0_conv1/weights"], "attr": {"padding": {"s": "VkFMSUQ="}, "dilations": {"list": {"i": ["1", "1", "1", "1"]}}, "T": {"type": "DT_FLOAT"}, "strides": {"list": {"i": ["1", "2", "2", "1"]}}, "data_format": {"s": "TkhXQw=="}}}, {"name": "block2_0_conv4/BiasAdd", "op": "BiasAdd", "input": ["block2_0_conv4/Conv2D", "block2_0_conv4/biases"], "attr": {"T": {"type": "DT_FLOAT"}, "data_format": {"s": "TkhXQw=="}}}, {"name": "block2_0_conv1/BiasAdd", "op": "BiasAdd", "input": ["block2_0_conv1/depthwise", "block2_0_conv1/biases"], "attr": {"T": {"type": "DT_FLOAT"}, "data_format": {"s": "TkhXQw=="}}}, {"name": "block2_0_conv2/Conv2D", "op": "Conv2D", "input": ["block2_0_conv1/BiasAdd", "block2_0_conv2/weights"], "attr": {"use_cudnn_on_gpu": {"b": true}, "padding": {"s": "U0FNRQ=="}, "dilations": {"list": {"i": ["1", "1", "1", "1"]}}, "T": {"type": "DT_FLOAT"}, "data_format": {"s": "TkhXQw=="}, "strides": {"list": {"i": ["1", "1", "1", "1"]}}}}, {"name": "block2_0_conv2/BiasAdd", "op": "BiasAdd", "input": ["block2_0_conv2/Conv2D", "block2_0_conv2/biases"], "attr": {"T": {"type": "DT_FLOAT"}, "data_format": {"s": "TkhXQw=="}}}, {"name": "block2_0_concat", "op": "ConcatV2", "input": ["block2_0_conv4/BiasAdd", "block2_0_conv2/BiasAdd", "block0_0_concat/axis"], "attr": {"Tidx": {"type": "DT_INT32"}, "T": {"type": "DT_FLOAT"}, "N": {"i": "2"}}}, {"name": "block2_0_conv4/block2_0_conv4", "op": "Relu", "input": ["block2_0_concat"], "attr": {"T": {"type": "DT_FLOAT"}}}, {"name": "block2_0_reshape0", "op": "Reshape", "input": ["block2_0_conv4/block2_0_conv4", "block2_0_reshape0/shape"], "attr": {"T": {"type": "DT_FLOAT"}, "Tshape": {"type": "DT_INT32"}}}, {"name": "block2_0_transpose", "op": "Transpose", "input": ["block2_0_reshape0", "block0_0_transpose/perm"], "attr": {"T": {"type": "DT_FLOAT"}, "Tperm": {"type": "DT_INT32"}}}, {"name": "block2_0_reshape1", "op": "Reshape", "input": ["block2_0_transpose", "block2_0_reshape1/shape"], "attr": {"T": {"type": "DT_FLOAT"}, "Tshape": {"type": "DT_INT32"}}}, {"name": "block2_1_slice-Slice1", "op": "Slice", "input": ["block2_0_reshape1", "block2_1_slice-Slice1/begin", "block2_1_slice-Slice0/size"], "attr": {"Index": {"type": "DT_INT32"}, "T": {"type": "DT_FLOAT"}}}, {"name": "block2_1_slice-Slice0", "op": "Slice", "input": ["block2_0_reshape1", "block0_1_slice-Slice0/begin", "block2_1_slice-Slice0/size"], "attr": {"Index": {"type": "DT_INT32"}, "T": {"type": "DT_FLOAT"}}}, {"name": "block2_1_conv0/Conv2D", "op": "Conv2D", "input": ["block2_1_slice-Slice1", "block2_1_conv0/weights"], "attr": {"dilations": {"list": {"i": ["1", "1", "1", "1"]}}, "T": {"type": "DT_FLOAT"}, "strides": {"list": {"i": ["1", "1", "1", "1"]}}, "data_format": {"s": "TkhXQw=="}, "use_cudnn_on_gpu": {"b": true}, "padding": {"s": "U0FNRQ=="}}}, {"name": "block2_1_conv0/BiasAdd", "op": "BiasAdd", "input": ["block2_1_conv0/Conv2D", "block2_1_conv0/biases"], "attr": {"T": {"type": "DT_FLOAT"}, "data_format": {"s": "TkhXQw=="}}}, {"name": "block2_1_conv0/block2_1_conv0", "op": "Relu", "input": ["block2_1_conv0/BiasAdd"], "attr": {"T": {"type": "DT_FLOAT"}}}, {"name": "block2_1_conv1/pad_size", "op": "Pad", "input": ["block2_1_conv0/block2_1_conv0", "conv0/pad_size/paddings"], "attr": {"T": {"type": "DT_FLOAT"}, "Tpaddings": {"type": "DT_INT32"}}}, {"name": "block2_1_conv1/depthwise", "op": "DepthwiseConv2dNative", "input": ["block2_1_conv1/pad_size", "block2_1_conv1/weights"], "attr": {"padding": {"s": "VkFMSUQ="}, "dilations": {"list": {"i": ["1", "1", "1", "1"]}}, "T": {"type": "DT_FLOAT"}, "strides": {"list": {"i": ["1", "1", "1", "1"]}}, "data_format": {"s": "TkhXQw=="}}}, {"name": "block2_1_conv1/BiasAdd", "op": "BiasAdd", "input": ["block2_1_conv1/depthwise", "block2_1_conv1/biases"], "attr": {"T": {"type": "DT_FLOAT"}, "data_format": {"s": "TkhXQw=="}}}, {"name": "block2_1_conv2/Conv2D", "op": "Conv2D", "input": ["block2_1_conv1/BiasAdd", "block2_1_conv2/weights"], "attr": {"dilations": {"list": {"i": ["1", "1", "1", "1"]}}, "T": {"type": "DT_FLOAT"}, "strides": {"list": {"i": ["1", "1", "1", "1"]}}, "data_format": {"s": "TkhXQw=="}, "use_cudnn_on_gpu": {"b": true}, "padding": {"s": "U0FNRQ=="}}}, {"name": "block2_1_conv2/BiasAdd", "op": "BiasAdd", "input": ["block2_1_conv2/Conv2D", "block2_1_conv2/biases"], "attr": {"T": {"type": "DT_FLOAT"}, "data_format": {"s": "TkhXQw=="}}}, {"name": "block2_1_conv2/block2_1_conv2", "op": "Relu", "input": ["block2_1_conv2/BiasAdd"], "attr": {"T": {"type": "DT_FLOAT"}}}, {"name": "block2_1_concat", "op": "ConcatV2", "input": ["block2_1_slice-Slice0", "block2_1_conv2/block2_1_conv2", "block0_0_concat/axis"], "attr": {"Tidx": {"type": "DT_INT32"}, "T": {"type": "DT_FLOAT"}, "N": {"i": "2"}}}, {"name": "block2_1_reshape0", "op": "Reshape", "input": ["block2_1_concat", "block2_0_reshape0/shape"], "attr": {"T": {"type": "DT_FLOAT"}, "Tshape": {"type": "DT_INT32"}}}, {"name": "block2_1_transpose", "op": "Transpose", "input": ["block2_1_reshape0", "block0_0_transpose/perm"], "attr": {"Tperm": {"type": "DT_INT32"}, "T": {"type": "DT_FLOAT"}}}, {"name": "block2_1_reshape1", "op": "Reshape", "input": ["block2_1_transpose", "block2_0_reshape1/shape"], "attr": {"T": {"type": "DT_FLOAT"}, "Tshape": {"type": "DT_INT32"}}}, {"name": "block2_2_slice-Slice1", "op": "Slice", "input": ["block2_1_reshape1", "block2_1_slice-Slice1/begin", "block2_1_slice-Slice0/size"], "attr": {"Index": {"type": "DT_INT32"}, "T": {"type": "DT_FLOAT"}}}, {"name": "block2_2_slice-Slice0", "op": "Slice", "input": ["block2_1_reshape1", "block0_1_slice-Slice0/begin", "block2_1_slice-Slice0/size"], "attr": {"Index": {"type": "DT_INT32"}, "T": {"type": "DT_FLOAT"}}}, {"name": "block2_2_conv0/Conv2D", "op": "Conv2D", "input": ["block2_2_slice-Slice1", "block2_2_conv0/weights"], "attr": {"padding": {"s": "U0FNRQ=="}, "dilations": {"list": {"i": ["1", "1", "1", "1"]}}, "T": {"type": "DT_FLOAT"}, "data_format": {"s": "TkhXQw=="}, "strides": {"list": {"i": ["1", "1", "1", "1"]}}, "use_cudnn_on_gpu": {"b": true}}}, {"name": "block2_2_conv0/BiasAdd", "op": "BiasAdd", "input": ["block2_2_conv0/Conv2D", "block2_2_conv0/biases"], "attr": {"T": {"type": "DT_FLOAT"}, "data_format": {"s": "TkhXQw=="}}}, {"name": "block2_2_conv0/block2_2_conv0", "op": "Relu", "input": ["block2_2_conv0/BiasAdd"], "attr": {"T": {"type": "DT_FLOAT"}}}, {"name": "block2_2_conv1/pad_size", "op": "Pad", "input": ["block2_2_conv0/block2_2_conv0", "conv0/pad_size/paddings"], "attr": {"T": {"type": "DT_FLOAT"}, "Tpaddings": {"type": "DT_INT32"}}}, {"name": "block2_2_conv1/depthwise", "op": "DepthwiseConv2dNative", "input": ["block2_2_conv1/pad_size", "block2_2_conv1/weights"], "attr": {"padding": {"s": "VkFMSUQ="}, "dilations": {"list": {"i": ["1", "1", "1", "1"]}}, "T": {"type": "DT_FLOAT"}, "strides": {"list": {"i": ["1", "1", "1", "1"]}}, "data_format": {"s": "TkhXQw=="}}}, {"name": "block2_2_conv1/BiasAdd", "op": "BiasAdd", "input": ["block2_2_conv1/depthwise", "block2_2_conv1/biases"], "attr": {"T": {"type": "DT_FLOAT"}, "data_format": {"s": "TkhXQw=="}}}, {"name": "block2_2_conv2/Conv2D", "op": "Conv2D", "input": ["block2_2_conv1/BiasAdd", "block2_2_conv2/weights"], "attr": {"dilations": {"list": {"i": ["1", "1", "1", "1"]}}, "T": {"type": "DT_FLOAT"}, "data_format": {"s": "TkhXQw=="}, "strides": {"list": {"i": ["1", "1", "1", "1"]}}, "use_cudnn_on_gpu": {"b": true}, "padding": {"s": "U0FNRQ=="}}}, {"name": "block2_2_conv2/BiasAdd", "op": "BiasAdd", "input": ["block2_2_conv2/Conv2D", "block2_2_conv2/biases"], "attr": {"T": {"type": "DT_FLOAT"}, "data_format": {"s": "TkhXQw=="}}}, {"name": "block2_2_conv2/block2_2_conv2", "op": "Relu", "input": ["block2_2_conv2/BiasAdd"], "attr": {"T": {"type": "DT_FLOAT"}}}, {"name": "block2_2_concat", "op": "ConcatV2", "input": ["block2_2_slice-Slice0", "block2_2_conv2/block2_2_conv2", "block0_0_concat/axis"], "attr": {"T": {"type": "DT_FLOAT"}, "N": {"i": "2"}, "Tidx": {"type": "DT_INT32"}}}, {"name": "block2_2_reshape0", "op": "Reshape", "input": ["block2_2_concat", "block2_0_reshape0/shape"], "attr": {"T": {"type": "DT_FLOAT"}, "Tshape": {"type": "DT_INT32"}}}, {"name": "block2_2_transpose", "op": "Transpose", "input": ["block2_2_reshape0", "block0_0_transpose/perm"], "attr": {"T": {"type": "DT_FLOAT"}, "Tperm": {"type": "DT_INT32"}}}, {"name": "block2_2_reshape1", "op": "Reshape", "input": ["block2_2_transpose", "block2_0_reshape1/shape"], "attr": {"T": {"type": "DT_FLOAT"}, "Tshape": {"type": "DT_INT32"}}}, {"name": "block2_3_slice-Slice1", "op": "Slice", "input": ["block2_2_reshape1", "block2_1_slice-Slice1/begin", "block2_1_slice-Slice0/size"], "attr": {"Index": {"type": "DT_INT32"}, "T": {"type": "DT_FLOAT"}}}, {"name": "block2_3_slice-Slice0", "op": "Slice", "input": ["block2_2_reshape1", "block0_1_slice-Slice0/begin", "block2_1_slice-Slice0/size"], "attr": {"Index": {"type": "DT_INT32"}, "T": {"type": "DT_FLOAT"}}}, {"name": "block2_3_conv0/Conv2D", "op": "Conv2D", "input": ["block2_3_slice-Slice1", "block2_3_conv0/weights"], "attr": {"dilations": {"list": {"i": ["1", "1", "1", "1"]}}, "T": {"type": "DT_FLOAT"}, "data_format": {"s": "TkhXQw=="}, "strides": {"list": {"i": ["1", "1", "1", "1"]}}, "use_cudnn_on_gpu": {"b": true}, "padding": {"s": "U0FNRQ=="}}}, {"name": "block2_3_conv0/BiasAdd", "op": "BiasAdd", "input": ["block2_3_conv0/Conv2D", "block2_3_conv0/biases"], "attr": {"T": {"type": "DT_FLOAT"}, "data_format": {"s": "TkhXQw=="}}}, {"name": "block2_3_conv0/block2_3_conv0", "op": "Relu", "input": ["block2_3_conv0/BiasAdd"], "attr": {"T": {"type": "DT_FLOAT"}}}, {"name": "block2_3_conv1/pad_size", "op": "Pad", "input": ["block2_3_conv0/block2_3_conv0", "conv0/pad_size/paddings"], "attr": {"T": {"type": "DT_FLOAT"}, "Tpaddings": {"type": "DT_INT32"}}}, {"name": "block2_3_conv1/depthwise", "op": "DepthwiseConv2dNative", "input": ["block2_3_conv1/pad_size", "block2_3_conv1/weights"], "attr": {"padding": {"s": "VkFMSUQ="}, "dilations": {"list": {"i": ["1", "1", "1", "1"]}}, "T": {"type": "DT_FLOAT"}, "strides": {"list": {"i": ["1", "1", "1", "1"]}}, "data_format": {"s": "TkhXQw=="}}}, {"name": "block2_3_conv1/BiasAdd", "op": "BiasAdd", "input": ["block2_3_conv1/depthwise", "block2_3_conv1/biases"], "attr": {"T": {"type": "DT_FLOAT"}, "data_format": {"s": "TkhXQw=="}}}, {"name": "block2_3_conv2/Conv2D", "op": "Conv2D", "input": ["block2_3_conv1/BiasAdd", "block2_3_conv2/weights"], "attr": {"padding": {"s": "U0FNRQ=="}, "dilations": {"list": {"i": ["1", "1", "1", "1"]}}, "T": {"type": "DT_FLOAT"}, "strides": {"list": {"i": ["1", "1", "1", "1"]}}, "data_format": {"s": "TkhXQw=="}, "use_cudnn_on_gpu": {"b": true}}}, {"name": "block2_3_conv2/BiasAdd", "op": "BiasAdd", "input": ["block2_3_conv2/Conv2D", "block2_3_conv2/biases"], "attr": {"T": {"type": "DT_FLOAT"}, "data_format": {"s": "TkhXQw=="}}}, {"name": "block2_3_conv2/block2_3_conv2", "op": "Relu", "input": ["block2_3_conv2/BiasAdd"], "attr": {"T": {"type": "DT_FLOAT"}}}, {"name": "block2_3_concat", "op": "ConcatV2", "input": ["block2_3_slice-Slice0", "block2_3_conv2/block2_3_conv2", "block0_0_concat/axis"], "attr": {"Tidx": {"type": "DT_INT32"}, "T": {"type": "DT_FLOAT"}, "N": {"i": "2"}}}, {"name": "block2_3_reshape0", "op": "Reshape", "input": ["block2_3_concat", "block2_0_reshape0/shape"], "attr": {"T": {"type": "DT_FLOAT"}, "Tshape": {"type": "DT_INT32"}}}, {"name": "block2_3_transpose", "op": "Transpose", "input": ["block2_3_reshape0", "block0_0_transpose/perm"], "attr": {"Tperm": {"type": "DT_INT32"}, "T": {"type": "DT_FLOAT"}}}, {"name": "block2_3_reshape1", "op": "Reshape", "input": ["block2_3_transpose", "block2_0_reshape1/shape"], "attr": {"T": {"type": "DT_FLOAT"}, "Tshape": {"type": "DT_INT32"}}}, {"name": "conv1/Conv2D", "op": "Conv2D", "input": ["block2_3_reshape1", "conv1/weights"], "attr": {"use_cudnn_on_gpu": {"b": true}, "padding": {"s": "U0FNRQ=="}, "dilations": {"list": {"i": ["1", "1", "1", "1"]}}, "T": {"type": "DT_FLOAT"}, "strides": {"list": {"i": ["1", "1", "1", "1"]}}, "data_format": {"s": "TkhXQw=="}}}, {"name": "conv1/BiasAdd", "op": "BiasAdd", "input": ["conv1/Conv2D", "conv1/biases"], "attr": {"T": {"type": "DT_FLOAT"}, "data_format": {"s": "TkhXQw=="}}}, {"name": "conv1/conv1", "op": "Relu", "input": ["conv1/BiasAdd"], "attr": {"T": {"type": "DT_FLOAT"}}}, {"name": "pool1", "op": "AvgPool", "input": ["conv1/conv1"], "attr": {"ksize": {"list": {"i": ["1", "7", "7", "1"]}}, "padding": {"s": "VkFMSUQ="}, "T": {"type": "DT_FLOAT"}, "strides": {"list": {"i": ["1", "1", "1", "1"]}}, "data_format": {"s": "TkhXQw=="}}}, {"name": "fc/Reshape", "op": "Reshape", "input": ["pool1", "fc/Reshape/shape"], "attr": {"T": {"type": "DT_FLOAT"}, "Tshape": {"type": "DT_INT32"}}}, {"name": "fc/fc/MatMul", "op": "MatMul", "input": ["fc/Reshape", "fc/weights"], "attr": {"T": {"type": "DT_FLOAT"}, "transpose_a": {"b": false}, "transpose_b": {"b": false}}}, {"name": "fc/fc", "op": "BiasAdd", "input": ["fc/fc/MatMul", "fc/biases"], "attr": {"T": {"type": "DT_FLOAT"}, "data_format": {"s": "TkhXQw=="}}}, {"name": "loss", "op": "Softmax", "input": ["fc/fc"], "attr": {"T": {"type": "DT_FLOAT"}}}, {"name": "model_outputs", "op": "Identity", "input": ["loss"], "attr": {"T": {"type": "DT_FLOAT"}}}], "library": {}, "versions": {}}, "weightsManifest": [{"paths": ["weights.bin"], "weights": [{"name": "fc/biases", "shape": [6], "dtype": "float32"}, {"name": "fc/weights", "shape": [1024, 6], "dtype": "float32"}, {"name": "fc/Reshape/shape", "shape": [2], "dtype": "int32"}, {"name": "conv1/biases", "shape": [1024], "dtype": "float32"}, {"name": "conv1/weights", "shape": [1, 1, 464, 1024], "dtype": "float32"}, {"name": "block2_0_reshape1/shape", "shape": [4], "dtype": "int32"}, {"name": "block0_0_transpose/perm", "shape": [4], "dtype": "int32"}, {"name": "block2_0_reshape0/shape", "shape": [4], "dtype": "int32"}, {"name": "block0_0_concat/axis", "shape": [], "dtype": "int32"}, {"name": "block2_3_conv2/biases", "shape": [232], "dtype": "float32"}, {"name": "block2_3_conv2/weights", "shape": [1, 1, 232, 232], "dtype": "float32"}, {"name": "block2_3_conv1/biases", "shape": [232], "dtype": "float32"}, {"name": "block2_3_conv1/weights", "shape": [3, 3, 232, 1], "dtype": "float32"}, {"name": "conv0/pad_size/paddings", "shape": [4, 2], "dtype": "int32"}, {"name": "block2_3_conv0/biases", "shape": [232], "dtype": "float32"}, {"name": "block2_3_conv0/weights", "shape": [1, 1, 232, 232], "dtype": "float32"}, {"name": "block2_1_slice-Slice0/size", "shape": [4], "dtype": "int32"}, {"name": "block2_1_slice-Slice1/begin", "shape": [4], "dtype": "int32"}, {"name": "block2_2_conv2/biases", "shape": [232], "dtype": "float32"}, {"name": "block2_2_conv2/weights", "shape": [1, 1, 232, 232], "dtype": "float32"}, {"name": "block2_2_conv1/biases", "shape": [232], "dtype": "float32"}, {"name": "block2_2_conv1/weights", "shape": [3, 3, 232, 1], "dtype": "float32"}, {"name": "block2_2_conv0/biases", "shape": [232], "dtype": "float32"}, {"name": "block2_2_conv0/weights", "shape": [1, 1, 232, 232], "dtype": "float32"}, {"name": "block2_1_conv2/biases", "shape": [232], "dtype": "float32"}, {"name": "block2_1_conv2/weights", "shape": [1, 1, 232, 232], "dtype": "float32"}, {"name": "block2_1_conv1/biases", "shape": [232], "dtype": "float32"}, {"name": "block2_1_conv1/weights", "shape": [3, 3, 232, 1], "dtype": "float32"}, {"name": "block2_1_conv0/biases", "shape": [232], "dtype": "float32"}, {"name": "block2_1_conv0/weights", "shape": [1, 1, 232, 232], "dtype": "float32"}, {"name": "block2_0_conv2/biases", "shape": [232], "dtype": "float32"}, {"name": "block2_0_conv2/weights", "shape": [1, 1, 232, 232], "dtype": "float32"}, {"name": "block2_0_conv1/biases", "shape": [232], "dtype": "float32"}, {"name": "block2_0_conv1/weights", "shape": [3, 3, 232, 1], "dtype": "float32"}, {"name": "block2_0_conv0/biases", "shape": [232], "dtype": "float32"}, {"name": "block2_0_conv0/weights", "shape": [1, 1, 232, 232], "dtype": "float32"}, {"name": "block1_0_reshape1/shape", "shape": [4], "dtype": "int32"}, {"name": "block1_0_reshape0/shape", "shape": [4], "dtype": "int32"}, {"name": "block1_7_conv2/biases", "shape": [116], "dtype": "float32"}, {"name": "block1_7_conv2/weights", "shape": [1, 1, 116, 116], "dtype": "float32"}, {"name": "block1_7_conv1/biases", "shape": [116], "dtype": "float32"}, {"name": "block1_7_conv1/weights", "shape": [3, 3, 116, 1], "dtype": "float32"}, {"name": "block1_7_conv0/biases", "shape": [116], "dtype": "float32"}, {"name": "block1_7_conv0/weights", "shape": [1, 1, 116, 116], "dtype": "float32"}, {"name": "block1_1_slice-Slice0/size", "shape": [4], "dtype": "int32"}, {"name": "block1_1_slice-Slice1/begin", "shape": [4], "dtype": "int32"}, {"name": "block1_6_conv2/biases", "shape": [116], "dtype": "float32"}, {"name": "block1_6_conv2/weights", "shape": [1, 1, 116, 116], "dtype": "float32"}, {"name": "block1_6_conv1/biases", "shape": [116], "dtype": "float32"}, {"name": "block1_6_conv1/weights", "shape": [3, 3, 116, 1], "dtype": "float32"}, {"name": "block1_6_conv0/biases", "shape": [116], "dtype": "float32"}, {"name": "block1_6_conv0/weights", "shape": [1, 1, 116, 116], "dtype": "float32"}, {"name": "block1_5_conv2/biases", "shape": [116], "dtype": "float32"}, {"name": "block1_5_conv2/weights", "shape": [1, 1, 116, 116], "dtype": "float32"}, {"name": "block1_5_conv1/biases", "shape": [116], "dtype": "float32"}, {"name": "block1_5_conv1/weights", "shape": [3, 3, 116, 1], "dtype": "float32"}, {"name": "block1_5_conv0/biases", "shape": [116], "dtype": "float32"}, {"name": "block1_5_conv0/weights", "shape": [1, 1, 116, 116], "dtype": "float32"}, {"name": "block1_4_conv2/biases", "shape": [116], "dtype": "float32"}, {"name": "block1_4_conv2/weights", "shape": [1, 1, 116, 116], "dtype": "float32"}, {"name": "block1_4_conv1/biases", "shape": [116], "dtype": "float32"}, {"name": "block1_4_conv1/weights", "shape": [3, 3, 116, 1], "dtype": "float32"}, {"name": "block1_4_conv0/biases", "shape": [116], "dtype": "float32"}, {"name": "block1_4_conv0/weights", "shape": [1, 1, 116, 116], "dtype": "float32"}, {"name": "block1_3_conv2/biases", "shape": [116], "dtype": "float32"}, {"name": "block1_3_conv2/weights", "shape": [1, 1, 116, 116], "dtype": "float32"}, {"name": "block1_3_conv1/biases", "shape": [116], "dtype": "float32"}, {"name": "block1_3_conv1/weights", "shape": [3, 3, 116, 1], "dtype": "float32"}, {"name": "block1_3_conv0/biases", "shape": [116], "dtype": "float32"}, {"name": "block1_3_conv0/weights", "shape": [1, 1, 116, 116], "dtype": "float32"}, {"name": "block1_2_conv2/biases", "shape": [116], "dtype": "float32"}, {"name": "block1_2_conv2/weights", "shape": [1, 1, 116, 116], "dtype": "float32"}, {"name": "block1_2_conv1/biases", "shape": [116], "dtype": "float32"}, {"name": "block1_2_conv1/weights", "shape": [3, 3, 116, 1], "dtype": "float32"}, {"name": "block1_2_conv0/biases", "shape": [116], "dtype": "float32"}, {"name": "block1_2_conv0/weights", "shape": [1, 1, 116, 116], "dtype": "float32"}, {"name": "block1_1_conv2/biases", "shape": [116], "dtype": "float32"}, {"name": "block1_1_conv2/weights", "shape": [1, 1, 116, 116], "dtype": "float32"}, {"name": "block1_1_conv1/biases", "shape": [116], "dtype": "float32"}, {"name": "block1_1_conv1/weights", "shape": [3, 3, 116, 1], "dtype": "float32"}, {"name": "block1_1_conv0/biases", "shape": [116], "dtype": "float32"}, {"name": "block1_1_conv0/weights", "shape": [1, 1, 116, 116], "dtype": "float32"}, {"name": "block1_0_conv2/biases", "shape": [116], "dtype": "float32"}, {"name": "block1_0_conv2/weights", "shape": [1, 1, 116, 116], "dtype": "float32"}, {"name": "block1_0_conv1/biases", "shape": [116], "dtype": "float32"}, {"name": "block1_0_conv1/weights", "shape": [3, 3, 116, 1], "dtype": "float32"}, {"name": "block1_0_conv0/biases", "shape": [116], "dtype": "float32"}, {"name": "block1_0_conv0/weights", "shape": [1, 1, 116, 116], "dtype": "float32"}, {"name": "block0_0_reshape1/shape", "shape": [4], "dtype": "int32"}, {"name": "block0_0_reshape0/shape", "shape": [4], "dtype": "int32"}, {"name": "block0_3_conv2/biases", "shape": [58], "dtype": "float32"}, {"name": "block0_3_conv2/weights", "shape": [1, 1, 58, 58], "dtype": "float32"}, {"name": "block0_3_conv1/biases", "shape": [58], "dtype": "float32"}, {"name": "block0_3_conv1/weights", "shape": [3, 3, 58, 1], "dtype": "float32"}, {"name": "block0_3_conv0/biases", "shape": [58], "dtype": "float32"}, {"name": "block0_3_conv0/weights", "shape": [1, 1, 58, 58], "dtype": "float32"}, {"name": "block0_1_slice-Slice0/size", "shape": [4], "dtype": "int32"}, {"name": "block0_1_slice-Slice1/begin", "shape": [4], "dtype": "int32"}, {"name": "block0_2_conv2/biases", "shape": [58], "dtype": "float32"}, {"name": "block0_2_conv2/weights", "shape": [1, 1, 58, 58], "dtype": "float32"}, {"name": "block0_2_conv1/biases", "shape": [58], "dtype": "float32"}, {"name": "block0_2_conv1/weights", "shape": [3, 3, 58, 1], "dtype": "float32"}, {"name": "block0_2_conv0/biases", "shape": [58], "dtype": "float32"}, {"name": "block0_2_conv0/weights", "shape": [1, 1, 58, 58], "dtype": "float32"}, {"name": "block0_1_conv2/biases", "shape": [58], "dtype": "float32"}, {"name": "block0_1_conv2/weights", "shape": [1, 1, 58, 58], "dtype": "float32"}, {"name": "block0_1_conv1/biases", "shape": [58], "dtype": "float32"}, {"name": "block0_1_conv1/weights", "shape": [3, 3, 58, 1], "dtype": "float32"}, {"name": "block0_1_conv0/biases", "shape": [58], "dtype": "float32"}, {"name": "block0_1_conv0/weights", "shape": [1, 1, 58, 58], "dtype": "float32"}, {"name": "block0_0_conv2/biases", "shape": [58], "dtype": "float32"}, {"name": "block0_0_conv2/weights", "shape": [1, 1, 58, 58], "dtype": "float32"}, {"name": "block0_0_conv1/biases", "shape": [58], "dtype": "float32"}, {"name": "block0_0_conv1/weights", "shape": [3, 3, 58, 1], "dtype": "float32"}, {"name": "block0_0_conv0/biases", "shape": [58], "dtype": "float32"}, {"name": "block0_0_conv0/weights", "shape": [1, 1, 24, 58], "dtype": "float32"}, {"name": "conv0/biases", "shape": [24], "dtype": "float32"}, {"name": "conv0/weights", "shape": [3, 3, 3, 24], "dtype": "float32"}, {"name": "data_bn/data_bn/mul_1/_1__cf__1", "shape": [3], "dtype": "float32"}, {"name": "data_bn/data_bn/Rsqrt/_0__cf__0", "shape": [3], "dtype": "float32"}, {"name": "block0_0_conv4/biases", "shape": [58], "dtype": "float32"}, {"name": "block0_0_conv4/weights", "shape": [1, 1, 24, 58], "dtype": "float32"}, {"name": "block0_0_conv3/biases", "shape": [24], "dtype": "float32"}, {"name": "block0_0_conv3/weights", "shape": [3, 3, 24, 1], "dtype": "float32"}, {"name": "block0_1_slice-Slice0/begin", "shape": [4], "dtype": "int32"}, {"name": "block1_0_conv4/biases", "shape": [116], "dtype": "float32"}, {"name": "block1_0_conv4/weights", "shape": [1, 1, 116, 116], "dtype": "float32"}, {"name": "block1_0_conv3/biases", "shape": [116], "dtype": "float32"}, {"name": "block1_0_conv3/weights", "shape": [3, 3, 116, 1], "dtype": "float32"}, {"name": "block2_0_conv4/biases", "shape": [232], "dtype": "float32"}, {"name": "block2_0_conv4/weights", "shape": [1, 1, 232, 232], "dtype": "float32"}, {"name": "block2_0_conv3/biases", "shape": [232], "dtype": "float32"}, {"name": "block2_0_conv3/weights", "shape": [3, 3, 232, 1], "dtype": "float32"}]}]}